product_name,series,price,rating,reviews_count,stock,daily_sales,date
iPhone X,X,5000.0,3.7,358,19,23,2025-01-01
iPhone XS,X,5200.0,3.3,476,27,27,2025-01-01
iPhone XS Max,X,5500.0,3.1,97,40,21,2025-01-01
iPhone 11,11,6000.0,3.1,353,48,15,2025-01-01
iPhone 11 Pro,11,7000.0,4.9,395,25,27,2025-01-01
iPhone 11 Pro Max,11,8000.0,3.0,354,31,27,2025-01-01
iPhone 12,12,7000.0,4.2,179,32,21,2025-01-01
iPhone 12 mini,12,6800.0,3.8,253,7,16,2025-01-01
iPhone 12 Pro,12,8500.0,4.7,144,25,18,2025-01-01
iPhone 12 Pro Max,12,9000.0,4.9,23,13,19,2025-01-01
iPhone 13,13,8000.0,3.0,395,24,23,2025-01-01
iPhone 13 mini,13,7800.0,4.2,273,39,14,2025-01-01
iPhone 13 Pro,13,9500.0,4.8,429,44,17,2025-01-01
iPhone 13 Pro Max,13,10000.0,3.4,269,33,27,2025-01-01
iPhone 14,14,9000.0,4.9,227,48,23,2025-01-01
iPhone 14 Plus,14,9200.0,3.2,224,44,20,2025-01-01
iPhone 14 Pro,14,11000.0,4.7,246,22,31,2025-01-01
iPhone 14 Pro Max,14,12000.0,4.9,197,49,25,2025-01-01
iPhone 15,15,10000.0,3.3,24,49,16,2025-01-01
iPhone 15 Plus,15,10200.0,3.0,148,21,23,2025-01-01
iPhone 15 Pro,15,12500.0,4.4,428,37,23,2025-01-01
iPhone 15 Pro Max,15,14000.0,4.3,37,11,20,2025-01-01
iPhone 16,16,11000.0,4.7,277,38,18,2025-01-01
iPhone 16 Pro,16,14000.0,4.3,302,39,16,2025-01-01
iPhone 16 Pro Max,16,16000.0,4.2,223,31,9,2025-01-01
iPhone 17,17,12000.0,4.9,140,5,25,2025-01-01
iPhone 17 Pro,17,15500.0,4.4,264,18,36,2025-01-01
iPhone 17 Pro Max,17,18000.0,3.9,51,17,15,2025-01-01
iPhone X,X,5000.0,3.4,361,43,33,2025-01-02
iPhone XS,X,5200.0,4.4,494,27,14,2025-01-02
iPhone XS Max,X,5500.0,4.2,152,47,28,2025-01-02
iPhone 11,11,6000.0,4.8,179,49,24,2025-01-02
iPhone 11 Pro,11,7000.0,3.6,143,32,17,2025-01-02
iPhone 11 Pro Max,11,8000.0,4.8,340,32,22,2025-01-02
iPhone 12,12,7000.0,3.7,199,37,24,2025-01-02
iPhone 12 mini,12,6800.0,3.0,470,45,13,2025-01-02
iPhone 12 Pro,12,8500.0,3.6,207,12,13,2025-01-02
iPhone 12 Pro Max,12,9000.0,4.4,243,48,34,2025-01-02
iPhone 13,13,8000.0,3.5,324,36,29,2025-01-02
iPhone 13 mini,13,7800.0,3.7,451,16,20,2025-01-02
iPhone 13 Pro,13,9500.0,3.5,395,7,14,2025-01-02
iPhone 13 Pro Max,13,10000.0,3.1,122,6,15,2025-01-02
iPhone 14,14,9000.0,4.0,63,27,22,2025-01-02
iPhone 14 Plus,14,9200.0,3.5,139,48,18,2025-01-02
iPhone 14 Pro,14,11000.0,3.9,207,36,16,2025-01-02
iPhone 14 Pro Max,14,12000.0,3.7,410,42,20,2025-01-02
iPhone 15,15,10000.0,3.7,381,38,22,2025-01-02
iPhone 15 Plus,15,10200.0,3.2,106,13,30,2025-01-02
iPhone 15 Pro,15,12500.0,3.6,335,20,20,2025-01-02
iPhone 15 Pro Max,15,14000.0,4.4,412,30,17,2025-01-02
iPhone 16,16,11000.0,4.0,156,24,14,2025-01-02
iPhone 16 Pro,16,14000.0,4.4,137,43,22,2025-01-02
iPhone 16 Pro Max,16,16000.0,4.9,138,15,16,2025-01-02
iPhone 17,17,12000.0,4.8,487,46,18,2025-01-02
iPhone 17 Pro,17,15500.0,3.5,261,20,21,2025-01-02
iPhone 17 Pro Max,17,18000.0,4.1,11,5,26,2025-01-02
iPhone X,X,5000.0,3.2,149,9,21,2025-01-03
iPhone XS,X,5200.0,3.7,108,23,23,2025-01-03
iPhone XS Max,X,5500.0,4.5,140,24,21,2025-01-03
iPhone 11,11,6000.0,4.3,84,12,21,2025-01-03
iPhone 11 Pro,11,7000.0,4.6,113,24,10,2025-01-03
iPhone 11 Pro Max,11,8000.0,4.9,162,33,25,2025-01-03
iPhone 12,12,7000.0,3.6,375,22,5,2025-01-03
iPhone 12 mini,12,6800.0,5.0,493,37,15,2025-01-03
iPhone 12 Pro,12,8500.0,3.0,407,25,17,2025-01-03
iPhone 12 Pro Max,12,9000.0,4.5,204,21,14,2025-01-03
iPhone 13,13,8000.0,3.6,185,16,31,2025-01-03
iPhone 13 mini,13,7800.0,3.5,167,42,20,2025-01-03
iPhone 13 Pro,13,9500.0,5.0,60,12,26,2025-01-03
iPhone 13 Pro Max,13,10000.0,4.0,293,37,22,2025-01-03
iPhone 14,14,9000.0,3.4,326,23,27,2025-01-03
iPhone 14 Plus,14,9200.0,3.1,181,32,21,2025-01-03
iPhone 14 Pro,14,11000.0,3.9,55,10,19,2025-01-03
iPhone 14 Pro Max,14,12000.0,4.9,108,37,23,2025-01-03
iPhone 15,15,10000.0,3.2,262,25,16,2025-01-03
iPhone 15 Plus,15,10200.0,4.0,27,29,15,2025-01-03
iPhone 15 Pro,15,12500.0,3.8,63,7,15,2025-01-03
iPhone 15 Pro Max,15,14000.0,4.2,351,27,20,2025-01-03
iPhone 16,16,11000.0,3.3,164,46,21,2025-01-03
iPhone 16 Pro,16,14000.0,4.4,308,43,22,2025-01-03
iPhone 16 Pro Max,16,16000.0,3.6,256,30,21,2025-01-03
iPhone 17,17,12000.0,4.8,400,40,21,2025-01-03
iPhone 17 Pro,17,15500.0,4.6,330,12,24,2025-01-03
iPhone 17 Pro Max,17,18000.0,4.8,480,19,23,2025-01-03
iPhone X,X,5000.0,3.8,331,36,17,2025-01-04
iPhone XS,X,5200.0,3.9,72,26,20,2025-01-04
iPhone XS Max,X,5500.0,4.2,351,46,17,2025-01-04
iPhone 11,11,6000.0,3.3,490,12,25,2025-01-04
iPhone 11 Pro,11,7000.0,4.5,117,9,26,2025-01-04
iPhone 11 Pro Max,11,8000.0,3.4,359,39,19,2025-01-04
iPhone 12,12,7000.0,4.3,317,20,20,2025-01-04
iPhone 12 mini,12,6800.0,3.6,154,23,22,2025-01-04
iPhone 12 Pro,12,8500.0,3.9,448,30,22,2025-01-04
iPhone 12 Pro Max,12,9000.0,3.8,67,5,24,2025-01-04
iPhone 13,13,8000.0,3.9,105,29,13,2025-01-04
iPhone 13 mini,13,7800.0,4.9,496,9,24,2025-01-04
iPhone 13 Pro,13,9500.0,4.2,256,7,16,2025-01-04
iPhone 13 Pro Max,13,10000.0,4.5,194,33,13,2025-01-04
iPhone 14,14,9000.0,3.2,78,34,22,2025-01-04
iPhone 14 Plus,14,9200.0,3.9,227,30,23,2025-01-04
iPhone 14 Pro,14,11000.0,4.0,48,40,18,2025-01-04
iPhone 14 Pro Max,14,12000.0,3.8,19,9,13,2025-01-04
iPhone 15,15,10000.0,4.8,189,35,35,2025-01-04
iPhone 15 Plus,15,10200.0,4.4,25,28,20,2025-01-04
iPhone 15 Pro,15,12500.0,4.9,267,32,23,2025-01-04
iPhone 15 Pro Max,15,14000.0,4.2,187,39,20,2025-01-04
iPhone 16,16,11000.0,4.3,426,47,19,2025-01-04
iPhone 16 Pro,16,14000.0,4.9,339,47,22,2025-01-04
iPhone 16 Pro Max,16,16000.0,3.4,406,16,21,2025-01-04
iPhone 17,17,12000.0,3.1,273,33,16,2025-01-04
iPhone 17 Pro,17,15500.0,4.7,99,38,19,2025-01-04
iPhone 17 Pro Max,17,18000.0,4.4,123,49,11,2025-01-04
iPhone X,X,5000.0,4.9,385,40,22,2025-01-05
iPhone XS,X,5200.0,4.1,366,13,19,2025-01-05
iPhone XS Max,X,5500.0,4.1,236,39,11,2025-01-05
iPhone 11,11,6000.0,4.6,161,27,13,2025-01-05
iPhone 11 Pro,11,7000.0,4.9,46,16,27,2025-01-05
iPhone 11 Pro Max,11,8000.0,4.5,370,34,17,2025-01-05
iPhone 12,12,7000.0,4.8,71,24,17,2025-01-05
iPhone 12 mini,12,6800.0,4.8,186,40,24,2025-01-05
iPhone 12 Pro,12,8500.0,3.0,242,23,18,2025-01-05
iPhone 12 Pro Max,12,9000.0,4.9,393,23,16,2025-01-05
iPhone 13,13,8000.0,4.0,153,9,14,2025-01-05
iPhone 13 mini,13,7800.0,4.3,493,27,13,2025-01-05
iPhone 13 Pro,13,9500.0,4.6,48,49,21,2025-01-05
iPhone 13 Pro Max,13,10000.0,4.4,248,16,28,2025-01-05
iPhone 14,14,9000.0,4.4,451,48,20,2025-01-05
iPhone 14 Plus,14,9200.0,3.9,177,46,20,2025-01-05
iPhone 14 Pro,14,11000.0,3.8,292,6,25,2025-01-05
iPhone 14 Pro Max,14,12000.0,4.9,226,49,17,2025-01-05
iPhone 15,15,10000.0,4.5,79,35,8,2025-01-05
iPhone 15 Plus,15,10200.0,4.4,211,30,18,2025-01-05
iPhone 15 Pro,15,12500.0,3.7,135,7,17,2025-01-05
iPhone 15 Pro Max,15,14000.0,4.1,157,32,12,2025-01-05
iPhone 16,16,11000.0,4.5,392,45,24,2025-01-05
iPhone 16 Pro,16,14000.0,3.5,200,29,25,2025-01-05
iPhone 16 Pro Max,16,16000.0,4.7,431,10,10,2025-01-05
iPhone 17,17,12000.0,3.1,222,15,22,2025-01-05
iPhone 17 Pro,17,15500.0,4.8,173,39,17,2025-01-05
iPhone 17 Pro Max,17,18000.0,3.3,314,18,21,2025-01-05
iPhone X,X,5000.0,3.6,10,7,19,2025-01-06
iPhone XS,X,5200.0,4.2,17,32,24,2025-01-06
iPhone XS Max,X,5500.0,4.3,145,32,10,2025-01-06
iPhone 11,11,6000.0,4.6,229,33,21,2025-01-06
iPhone 11 Pro,11,7000.0,3.3,44,10,13,2025-01-06
iPhone 11 Pro Max,11,8000.0,4.9,251,49,29,2025-01-06
iPhone 12,12,7000.0,3.3,298,5,21,2025-01-06
iPhone 12 mini,12,6800.0,3.8,291,29,19,2025-01-06
iPhone 12 Pro,12,8500.0,4.9,292,17,21,2025-01-06
iPhone 12 Pro Max,12,9000.0,4.1,142,42,17,2025-01-06
iPhone 13,13,8000.0,4.8,32,41,24,2025-01-06
iPhone 13 mini,13,7800.0,3.8,94,18,24,2025-01-06
iPhone 13 Pro,13,9500.0,3.4,10,49,13,2025-01-06
iPhone 13 Pro Max,13,10000.0,4.3,297,38,22,2025-01-06
iPhone 14,14,9000.0,3.7,81,43,21,2025-01-06
iPhone 14 Plus,14,9200.0,4.5,388,16,30,2025-01-06
iPhone 14 Pro,14,11000.0,4.6,245,9,17,2025-01-06
iPhone 14 Pro Max,14,12000.0,3.8,238,25,32,2025-01-06
iPhone 15,15,10000.0,4.3,84,43,25,2025-01-06
iPhone 15 Plus,15,10200.0,3.8,356,38,11,2025-01-06
iPhone 15 Pro,15,12500.0,3.7,175,37,17,2025-01-06
iPhone 15 Pro Max,15,14000.0,4.2,60,21,26,2025-01-06
iPhone 16,16,11000.0,4.9,397,14,19,2025-01-06
iPhone 16 Pro,16,14000.0,3.5,481,9,23,2025-01-06
iPhone 16 Pro Max,16,16000.0,5.0,62,6,25,2025-01-06
iPhone 17,17,12000.0,3.5,380,27,12,2025-01-06
iPhone 17 Pro,17,15500.0,3.3,104,15,21,2025-01-06
iPhone 17 Pro Max,17,18000.0,3.4,193,29,15,2025-01-06
iPhone X,X,5000.0,4.8,204,31,15,2025-01-07
iPhone XS,X,5200.0,3.4,412,25,22,2025-01-07
iPhone XS Max,X,5500.0,3.3,101,46,19,2025-01-07
iPhone 11,11,6000.0,3.4,43,18,14,2025-01-07
iPhone 11 Pro,11,7000.0,3.7,420,13,19,2025-01-07
iPhone 11 Pro Max,11,8000.0,4.4,65,34,15,2025-01-07
iPhone 12,12,7000.0,3.3,57,21,24,2025-01-07
iPhone 12 mini,12,6800.0,4.5,262,19,16,2025-01-07
iPhone 12 Pro,12,8500.0,4.1,65,26,23,2025-01-07
iPhone 12 Pro Max,12,9000.0,4.1,395,49,16,2025-01-07
iPhone 13,13,8000.0,3.1,196,11,24,2025-01-07
iPhone 13 mini,13,7800.0,4.5,283,42,22,2025-01-07
iPhone 13 Pro,13,9500.0,4.1,24,29,16,2025-01-07
iPhone 13 Pro Max,13,10000.0,4.1,282,43,22,2025-01-07
iPhone 14,14,9000.0,3.2,135,48,16,2025-01-07
iPhone 14 Plus,14,9200.0,3.9,403,7,14,2025-01-07
iPhone 14 Pro,14,11000.0,4.3,155,40,31,2025-01-07
iPhone 14 Pro Max,14,12000.0,4.5,378,48,25,2025-01-07
iPhone 15,15,10000.0,3.3,434,41,26,2025-01-07
iPhone 15 Plus,15,10200.0,4.1,449,49,13,2025-01-07
iPhone 15 Pro,15,12500.0,3.7,386,37,18,2025-01-07
iPhone 15 Pro Max,15,14000.0,4.7,455,34,8,2025-01-07
iPhone 16,16,11000.0,3.3,320,13,20,2025-01-07
iPhone 16 Pro,16,14000.0,3.8,45,28,15,2025-01-07
iPhone 16 Pro Max,16,16000.0,3.2,331,24,17,2025-01-07
iPhone 17,17,12000.0,3.3,444,6,23,2025-01-07
iPhone 17 Pro,17,15500.0,4.1,401,30,24,2025-01-07
iPhone 17 Pro Max,17,18000.0,3.4,127,8,16,2025-01-07
iPhone X,X,5000.0,3.9,234,24,17,2025-01-08
iPhone XS,X,5200.0,4.2,329,42,18,2025-01-08
iPhone XS Max,X,5500.0,4.2,148,40,24,2025-01-08
iPhone 11,11,6000.0,3.7,19,9,11,2025-01-08
iPhone 11 Pro,11,7000.0,3.1,181,6,25,2025-01-08
iPhone 11 Pro Max,11,8000.0,3.5,110,13,17,2025-01-08
iPhone 12,12,7000.0,4.5,468,19,7,2025-01-08
iPhone 12 mini,12,6800.0,3.7,314,9,16,2025-01-08
iPhone 12 Pro,12,8500.0,4.7,245,18,17,2025-01-08
iPhone 12 Pro Max,12,9000.0,4.9,329,26,13,2025-01-08
iPhone 13,13,8000.0,3.1,358,12,22,2025-01-08
iPhone 13 mini,13,7800.0,4.6,300,25,23,2025-01-08
iPhone 13 Pro,13,9500.0,3.4,348,18,8,2025-01-08
iPhone 13 Pro Max,13,10000.0,4.8,98,22,21,2025-01-08
iPhone 14,14,9000.0,4.6,304,44,16,2025-01-08
iPhone 14 Plus,14,9200.0,3.6,32,19,8,2025-01-08
iPhone 14 Pro,14,11000.0,4.2,154,37,23,2025-01-08
iPhone 14 Pro Max,14,12000.0,3.1,113,43,8,2025-01-08
iPhone 15,15,10000.0,3.2,143,7,12,2025-01-08
iPhone 15 Plus,15,10200.0,3.3,24,33,25,2025-01-08
iPhone 15 Pro,15,12500.0,4.0,487,43,24,2025-01-08
iPhone 15 Pro Max,15,14000.0,4.6,298,8,25,2025-01-08
iPhone 16,16,11000.0,4.1,19,9,18,2025-01-08
iPhone 16 Pro,16,14000.0,4.6,168,40,24,2025-01-08
iPhone 16 Pro Max,16,16000.0,3.9,445,19,17,2025-01-08
iPhone 17,17,12000.0,3.5,341,49,21,2025-01-08
iPhone 17 Pro,17,15500.0,4.4,104,40,11,2025-01-08
iPhone 17 Pro Max,17,18000.0,3.7,20,14,21,2025-01-08
iPhone X,X,5000.0,3.7,143,12,11,2025-01-09
iPhone XS,X,5200.0,4.2,227,17,16,2025-01-09
iPhone XS Max,X,5500.0,3.3,219,29,24,2025-01-09
iPhone 11,11,6000.0,4.2,365,8,15,2025-01-09
iPhone 11 Pro,11,7000.0,4.6,302,12,26,2025-01-09
iPhone 11 Pro Max,11,8000.0,3.7,402,33,23,2025-01-09
iPhone 12,12,7000.0,3.2,306,26,16,2025-01-09
iPhone 12 mini,12,6800.0,3.4,480,5,17,2025-01-09
iPhone 12 Pro,12,8500.0,4.7,64,44,12,2025-01-09
iPhone 12 Pro Max,12,9000.0,4.5,211,30,27,2025-01-09
iPhone 13,13,8000.0,3.7,72,29,12,2025-01-09
iPhone 13 mini,13,7800.0,4.8,137,47,6,2025-01-09
iPhone 13 Pro,13,9500.0,3.1,260,28,14,2025-01-09
iPhone 13 Pro Max,13,10000.0,3.1,170,33,21,2025-01-09
iPhone 14,14,9000.0,4.2,159,30,18,2025-01-09
iPhone 14 Plus,14,9200.0,3.2,198,44,14,2025-01-09
iPhone 14 Pro,14,11000.0,4.0,266,36,20,2025-01-09
iPhone 14 Pro Max,14,12000.0,3.4,220,36,19,2025-01-09
iPhone 15,15,10000.0,3.9,314,49,25,2025-01-09
iPhone 15 Plus,15,10200.0,4.2,266,18,18,2025-01-09
iPhone 15 Pro,15,12500.0,4.4,203,32,17,2025-01-09
iPhone 15 Pro Max,15,14000.0,4.5,141,5,2,2025-01-09
iPhone 16,16,11000.0,3.7,64,43,15,2025-01-09
iPhone 16 Pro,16,14000.0,4.8,171,37,24,2025-01-09
iPhone 16 Pro Max,16,16000.0,3.1,485,36,24,2025-01-09
iPhone 17,17,12000.0,3.1,256,7,26,2025-01-09
iPhone 17 Pro,17,15500.0,3.5,452,12,20,2025-01-09
iPhone 17 Pro Max,17,18000.0,3.4,106,32,19,2025-01-09
iPhone X,X,5000.0,3.5,427,39,24,2025-01-10
iPhone XS,X,5200.0,4.7,409,8,15,2025-01-10
iPhone XS Max,X,5500.0,4.9,191,25,11,2025-01-10
iPhone 11,11,6000.0,3.2,339,11,15,2025-01-10
iPhone 11 Pro,11,7000.0,4.5,94,23,26,2025-01-10
iPhone 11 Pro Max,11,8000.0,4.8,206,24,24,2025-01-10
iPhone 12,12,7000.0,3.7,395,7,12,2025-01-10
iPhone 12 mini,12,6800.0,4.2,431,34,23,2025-01-10
iPhone 12 Pro,12,8500.0,3.7,62,48,18,2025-01-10
iPhone 12 Pro Max,12,9000.0,4.1,68,27,21,2025-01-10
iPhone 13,13,8000.0,4.6,218,21,21,2025-01-10
iPhone 13 mini,13,7800.0,4.3,368,13,11,2025-01-10
iPhone 13 Pro,13,9500.0,3.3,244,8,25,2025-01-10
iPhone 13 Pro Max,13,10000.0,4.6,137,25,25,2025-01-10
iPhone 14,14,9000.0,4.6,50,42,19,2025-01-10
iPhone 14 Plus,14,9200.0,4.0,85,27,16,2025-01-10
iPhone 14 Pro,14,11000.0,3.2,351,25,15,2025-01-10
iPhone 14 Pro Max,14,12000.0,4.5,107,16,15,2025-01-10
iPhone 15,15,10000.0,4.3,318,11,25,2025-01-10
iPhone 15 Plus,15,10200.0,3.8,199,6,21,2025-01-10
iPhone 15 Pro,15,12500.0,3.3,372,5,20,2025-01-10
iPhone 15 Pro Max,15,14000.0,3.5,158,15,16,2025-01-10
iPhone 16,16,11000.0,3.6,173,43,22,2025-01-10
iPhone 16 Pro,16,14000.0,3.8,161,26,20,2025-01-10
iPhone 16 Pro Max,16,16000.0,4.5,298,40,13,2025-01-10
iPhone 17,17,12000.0,4.7,346,49,20,2025-01-10
iPhone 17 Pro,17,15500.0,3.3,210,30,9,2025-01-10
iPhone 17 Pro Max,17,18000.0,3.7,138,29,18,2025-01-10
iPhone X,X,5000.0,4.4,113,46,16,2025-01-11
iPhone XS,X,5200.0,3.2,117,48,19,2025-01-11
iPhone XS Max,X,5500.0,4.9,111,38,18,2025-01-11
iPhone 11,11,6000.0,4.6,314,21,16,2025-01-11
iPhone 11 Pro,11,7000.0,4.9,320,16,25,2025-01-11
iPhone 11 Pro Max,11,8000.0,4.5,158,21,20,2025-01-11
iPhone 12,12,7000.0,4.3,383,20,17,2025-01-11
iPhone 12 mini,12,6800.0,4.0,152,30,23,2025-01-11
iPhone 12 Pro,12,8500.0,3.1,35,36,22,2025-01-11
iPhone 12 Pro Max,12,9000.0,3.4,478,26,21,2025-01-11
iPhone 13,13,8000.0,4.8,279,19,14,2025-01-11
iPhone 13 mini,13,7800.0,4.8,324,27,25,2025-01-11
iPhone 13 Pro,13,9500.0,4.6,232,34,19,2025-01-11
iPhone 13 Pro Max,13,10000.0,4.0,112,21,16,2025-01-11
iPhone 14,14,9000.0,4.3,161,39,15,2025-01-11
iPhone 14 Plus,14,9200.0,4.8,180,44,33,2025-01-11
iPhone 14 Pro,14,11000.0,3.9,480,48,26,2025-01-11
iPhone 14 Pro Max,14,12000.0,4.1,479,29,21,2025-01-11
iPhone 15,15,10000.0,4.5,170,20,25,2025-01-11
iPhone 15 Plus,15,10200.0,3.8,236,46,19,2025-01-11
iPhone 15 Pro,15,12500.0,5.0,260,17,23,2025-01-11
iPhone 15 Pro Max,15,14000.0,4.6,48,33,20,2025-01-11
iPhone 16,16,11000.0,4.5,486,48,24,2025-01-11
iPhone 16 Pro,16,14000.0,5.0,275,34,21,2025-01-11
iPhone 16 Pro Max,16,16000.0,3.8,368,24,15,2025-01-11
iPhone 17,17,12000.0,3.2,151,34,23,2025-01-11
iPhone 17 Pro,17,15500.0,4.7,155,41,19,2025-01-11
iPhone 17 Pro Max,17,18000.0,3.8,353,8,21,2025-01-11
iPhone X,X,5000.0,3.4,302,41,19,2025-01-12
iPhone XS,X,5200.0,4.8,311,28,15,2025-01-12
iPhone XS Max,X,5500.0,3.9,342,38,25,2025-01-12
iPhone 11,11,6000.0,4.0,339,47,28,2025-01-12
iPhone 11 Pro,11,7000.0,3.4,227,45,22,2025-01-12
iPhone 11 Pro Max,11,8000.0,3.7,270,27,16,2025-01-12
iPhone 12,12,7000.0,4.8,108,24,27,2025-01-12
iPhone 12 mini,12,6800.0,4.4,225,7,17,2025-01-12
iPhone 12 Pro,12,8500.0,4.6,495,17,21,2025-01-12
iPhone 12 Pro Max,12,9000.0,4.2,407,41,12,2025-01-12
iPhone 13,13,8000.0,3.2,114,7,19,2025-01-12
iPhone 13 mini,13,7800.0,3.1,235,16,11,2025-01-12
iPhone 13 Pro,13,9500.0,3.1,472,44,20,2025-01-12
iPhone 13 Pro Max,13,10000.0,3.6,133,19,21,2025-01-12
iPhone 14,14,9000.0,3.0,260,9,20,2025-01-12
iPhone 14 Plus,14,9200.0,4.9,185,17,16,2025-01-12
iPhone 14 Pro,14,11000.0,4.8,470,21,24,2025-01-12
iPhone 14 Pro Max,14,12000.0,4.1,49,38,20,2025-01-12
iPhone 15,15,10000.0,4.1,470,49,20,2025-01-12
iPhone 15 Plus,15,10200.0,4.7,101,37,28,2025-01-12
iPhone 15 Pro,15,12500.0,3.3,313,45,14,2025-01-12
iPhone 15 Pro Max,15,14000.0,4.9,365,31,16,2025-01-12
iPhone 16,16,11000.0,4.5,16,9,18,2025-01-12
iPhone 16 Pro,16,14000.0,4.5,424,22,15,2025-01-12
iPhone 16 Pro Max,16,16000.0,4.6,215,17,18,2025-01-12
iPhone 17,17,12000.0,3.6,55,31,20,2025-01-12
iPhone 17 Pro,17,15500.0,5.0,26,44,23,2025-01-12
iPhone 17 Pro Max,17,18000.0,4.1,172,10,13,2025-01-12
iPhone X,X,5000.0,3.6,464,14,25,2025-01-13
iPhone XS,X,5200.0,3.8,344,34,18,2025-01-13
iPhone XS Max,X,5500.0,4.5,287,8,22,2025-01-13
iPhone 11,11,6000.0,4.9,201,21,16,2025-01-13
iPhone 11 Pro,11,7000.0,4.5,410,14,16,2025-01-13
iPhone 11 Pro Max,11,8000.0,3.1,219,18,19,2025-01-13
iPhone 12,12,7000.0,4.9,294,16,17,2025-01-13
iPhone 12 mini,12,6800.0,4.5,16,33,21,2025-01-13
iPhone 12 Pro,12,8500.0,3.0,143,19,17,2025-01-13
iPhone 12 Pro Max,12,9000.0,3.0,491,38,23,2025-01-13
iPhone 13,13,8000.0,5.0,474,39,13,2025-01-13
iPhone 13 mini,13,7800.0,4.6,166,15,19,2025-01-13
iPhone 13 Pro,13,9500.0,3.4,139,18,17,2025-01-13
iPhone 13 Pro Max,13,10000.0,4.7,391,48,18,2025-01-13
iPhone 14,14,9000.0,3.1,486,25,10,2025-01-13
iPhone 14 Plus,14,9200.0,3.6,431,19,17,2025-01-13
iPhone 14 Pro,14,11000.0,4.5,172,29,22,2025-01-13
iPhone 14 Pro Max,14,12000.0,3.9,36,12,28,2025-01-13
iPhone 15,15,10000.0,3.3,482,21,28,2025-01-13
iPhone 15 Plus,15,10200.0,3.0,358,48,7,2025-01-13
iPhone 15 Pro,15,12500.0,3.1,325,7,19,2025-01-13
iPhone 15 Pro Max,15,14000.0,3.0,464,21,13,2025-01-13
iPhone 16,16,11000.0,4.2,349,40,12,2025-01-13
iPhone 16 Pro,16,14000.0,3.3,223,6,21,2025-01-13
iPhone 16 Pro Max,16,16000.0,4.6,404,17,19,2025-01-13
iPhone 17,17,12000.0,4.4,347,35,14,2025-01-13
iPhone 17 Pro,17,15500.0,4.4,20,49,21,2025-01-13
iPhone 17 Pro Max,17,18000.0,4.5,50,21,22,2025-01-13
iPhone X,X,5000.0,3.2,55,36,19,2025-01-14
iPhone XS,X,5200.0,3.4,170,14,18,2025-01-14
iPhone XS Max,X,5500.0,4.6,251,37,15,2025-01-14
iPhone 11,11,6000.0,3.7,426,17,20,2025-01-14
iPhone 11 Pro,11,7000.0,3.2,415,43,20,2025-01-14
iPhone 11 Pro Max,11,8000.0,4.4,152,38,14,2025-01-14
iPhone 12,12,7000.0,3.1,437,44,26,2025-01-14
iPhone 12 mini,12,6800.0,3.1,271,13,24,2025-01-14
iPhone 12 Pro,12,8500.0,3.1,425,45,23,2025-01-14
iPhone 12 Pro Max,12,9000.0,4.4,327,24,21,2025-01-14
iPhone 13,13,8000.0,3.7,260,11,23,2025-01-14
iPhone 13 mini,13,7800.0,4.2,31,30,29,2025-01-14
iPhone 13 Pro,13,9500.0,4.0,136,45,18,2025-01-14
iPhone 13 Pro Max,13,10000.0,4.4,21,27,13,2025-01-14
iPhone 14,14,9000.0,4.3,34,49,12,2025-01-14
iPhone 14 Plus,14,9200.0,3.9,182,12,25,2025-01-14
iPhone 14 Pro,14,11000.0,4.7,318,36,34,2025-01-14
iPhone 14 Pro Max,14,12000.0,4.4,159,41,19,2025-01-14
iPhone 15,15,10000.0,5.0,370,7,19,2025-01-14
iPhone 15 Plus,15,10200.0,3.4,447,19,16,2025-01-14
iPhone 15 Pro,15,12500.0,3.5,341,34,19,2025-01-14
iPhone 15 Pro Max,15,14000.0,4.7,302,8,22,2025-01-14
iPhone 16,16,11000.0,4.5,391,24,35,2025-01-14
iPhone 16 Pro,16,14000.0,4.0,114,40,21,2025-01-14
iPhone 16 Pro Max,16,16000.0,3.1,363,40,11,2025-01-14
iPhone 17,17,12000.0,4.2,255,16,17,2025-01-14
iPhone 17 Pro,17,15500.0,3.8,27,44,17,2025-01-14
iPhone 17 Pro Max,17,18000.0,4.6,109,34,23,2025-01-14
iPhone X,X,5000.0,3.4,437,18,19,2025-01-15
iPhone XS,X,5200.0,3.5,325,18,25,2025-01-15
iPhone XS Max,X,5500.0,4.0,482,24,14,2025-01-15
iPhone 11,11,6000.0,3.8,37,6,21,2025-01-15
iPhone 11 Pro,11,7000.0,4.7,270,5,17,2025-01-15
iPhone 11 Pro Max,11,8000.0,4.9,312,35,21,2025-01-15
iPhone 12,12,7000.0,3.5,204,18,17,2025-01-15
iPhone 12 mini,12,6800.0,4.3,370,5,10,2025-01-15
iPhone 12 Pro,12,8500.0,3.9,273,47,13,2025-01-15
iPhone 12 Pro Max,12,9000.0,4.2,184,41,12,2025-01-15
iPhone 13,13,8000.0,4.1,314,48,25,2025-01-15
iPhone 13 mini,13,7800.0,4.1,260,24,19,2025-01-15
iPhone 13 Pro,13,9500.0,3.5,139,13,23,2025-01-15
iPhone 13 Pro Max,13,10000.0,3.1,128,39,20,2025-01-15
iPhone 14,14,9000.0,3.9,254,9,20,2025-01-15
iPhone 14 Plus,14,9200.0,4.4,285,28,15,2025-01-15
iPhone 14 Pro,14,11000.0,4.4,135,38,12,2025-01-15
iPhone 14 Pro Max,14,12000.0,4.0,416,48,22,2025-01-15
iPhone 15,15,10000.0,4.1,160,49,16,2025-01-15
iPhone 15 Plus,15,10200.0,3.4,273,33,22,2025-01-15
iPhone 15 Pro,15,12500.0,3.9,14,26,24,2025-01-15
iPhone 15 Pro Max,15,14000.0,5.0,436,14,13,2025-01-15
iPhone 16,16,11000.0,3.0,475,21,20,2025-01-15
iPhone 16 Pro,16,14000.0,4.5,484,12,20,2025-01-15
iPhone 16 Pro Max,16,16000.0,4.6,461,37,23,2025-01-15
iPhone 17,17,12000.0,4.7,313,9,20,2025-01-15
iPhone 17 Pro,17,15500.0,4.2,455,32,21,2025-01-15
iPhone 17 Pro Max,17,18000.0,3.6,170,45,14,2025-01-15
iPhone X,X,5000.0,5.0,278,13,18,2025-01-16
iPhone XS,X,5200.0,3.2,107,42,17,2025-01-16
iPhone XS Max,X,5500.0,3.7,111,23,22,2025-01-16
iPhone 11,11,6000.0,4.6,348,49,23,2025-01-16
iPhone 11 Pro,11,7000.0,4.6,353,11,13,2025-01-16
iPhone 11 Pro Max,11,8000.0,4.4,325,33,11,2025-01-16
iPhone 12,12,7000.0,3.9,314,36,13,2025-01-16
iPhone 12 mini,12,6800.0,3.1,364,12,16,2025-01-16
iPhone 12 Pro,12,8500.0,4.3,339,6,8,2025-01-16
iPhone 12 Pro Max,12,9000.0,4.7,313,6,16,2025-01-16
iPhone 13,13,8000.0,4.0,126,33,14,2025-01-16
iPhone 13 mini,13,7800.0,3.8,302,19,12,2025-01-16
iPhone 13 Pro,13,9500.0,4.1,280,47,23,2025-01-16
iPhone 13 Pro Max,13,10000.0,4.4,388,47,22,2025-01-16
iPhone 14,14,9000.0,3.0,416,47,18,2025-01-16
iPhone 14 Plus,14,9200.0,4.9,280,8,21,2025-01-16
iPhone 14 Pro,14,11000.0,4.9,479,23,19,2025-01-16
iPhone 14 Pro Max,14,12000.0,3.5,61,31,15,2025-01-16
iPhone 15,15,10000.0,4.9,165,39,15,2025-01-16
iPhone 15 Plus,15,10200.0,4.4,11,17,20,2025-01-16
iPhone 15 Pro,15,12500.0,3.8,354,34,22,2025-01-16
iPhone 15 Pro Max,15,14000.0,3.4,406,35,15,2025-01-16
iPhone 16,16,11000.0,4.4,321,46,15,2025-01-16
iPhone 16 Pro,16,14000.0,4.6,181,49,19,2025-01-16
iPhone 16 Pro Max,16,16000.0,4.3,388,17,26,2025-01-16
iPhone 17,17,12000.0,4.8,402,30,21,2025-01-16
iPhone 17 Pro,17,15500.0,3.4,19,28,25,2025-01-16
iPhone 17 Pro Max,17,18000.0,4.8,217,30,18,2025-01-16
iPhone X,X,5000.0,3.5,77,28,18,2025-01-17
iPhone XS,X,5200.0,4.3,155,23,26,2025-01-17
iPhone XS Max,X,5500.0,4.2,490,9,22,2025-01-17
iPhone 11,11,6000.0,4.7,128,25,16,2025-01-17
iPhone 11 Pro,11,7000.0,3.2,441,41,26,2025-01-17
iPhone 11 Pro Max,11,8000.0,4.1,147,13,28,2025-01-17
iPhone 12,12,7000.0,3.8,450,29,15,2025-01-17
iPhone 12 mini,12,6800.0,3.9,176,45,28,2025-01-17
iPhone 12 Pro,12,8500.0,4.4,496,28,22,2025-01-17
iPhone 12 Pro Max,12,9000.0,3.5,45,44,28,2025-01-17
iPhone 13,13,8000.0,4.3,173,7,11,2025-01-17
iPhone 13 mini,13,7800.0,3.7,496,8,13,2025-01-17
iPhone 13 Pro,13,9500.0,3.9,325,6,17,2025-01-17
iPhone 13 Pro Max,13,10000.0,4.3,273,42,21,2025-01-17
iPhone 14,14,9000.0,4.2,76,48,14,2025-01-17
iPhone 14 Plus,14,9200.0,4.3,224,48,13,2025-01-17
iPhone 14 Pro,14,11000.0,4.3,218,39,18,2025-01-17
iPhone 14 Pro Max,14,12000.0,3.1,309,40,28,2025-01-17
iPhone 15,15,10000.0,4.9,486,35,16,2025-01-17
iPhone 15 Plus,15,10200.0,3.8,167,20,22,2025-01-17
iPhone 15 Pro,15,12500.0,3.0,409,16,19,2025-01-17
iPhone 15 Pro Max,15,14000.0,3.8,288,32,21,2025-01-17
iPhone 16,16,11000.0,4.9,127,9,24,2025-01-17
iPhone 16 Pro,16,14000.0,3.5,295,25,23,2025-01-17
iPhone 16 Pro Max,16,16000.0,3.2,415,22,22,2025-01-17
iPhone 17,17,12000.0,4.2,469,42,21,2025-01-17
iPhone 17 Pro,17,15500.0,3.3,151,40,14,2025-01-17
iPhone 17 Pro Max,17,18000.0,3.7,350,6,15,2025-01-17
iPhone X,X,5000.0,4.9,466,5,15,2025-01-18
iPhone XS,X,5200.0,3.9,205,22,11,2025-01-18
iPhone XS Max,X,5500.0,4.0,428,26,21,2025-01-18
iPhone 11,11,6000.0,4.7,499,16,19,2025-01-18
iPhone 11 Pro,11,7000.0,4.9,51,42,17,2025-01-18
iPhone 11 Pro Max,11,8000.0,4.8,167,18,25,2025-01-18
iPhone 12,12,7000.0,4.6,345,11,17,2025-01-18
iPhone 12 mini,12,6800.0,3.8,75,31,18,2025-01-18
iPhone 12 Pro,12,8500.0,4.4,475,18,20,2025-01-18
iPhone 12 Pro Max,12,9000.0,4.6,290,37,20,2025-01-18
iPhone 13,13,8000.0,4.8,279,5,26,2025-01-18
iPhone 13 mini,13,7800.0,3.3,396,39,22,2025-01-18
iPhone 13 Pro,13,9500.0,3.8,34,17,16,2025-01-18
iPhone 13 Pro Max,13,10000.0,3.1,34,19,19,2025-01-18
iPhone 14,14,9000.0,4.9,453,16,19,2025-01-18
iPhone 14 Plus,14,9200.0,3.6,343,24,22,2025-01-18
iPhone 14 Pro,14,11000.0,3.9,325,10,11,2025-01-18
iPhone 14 Pro Max,14,12000.0,3.8,14,23,26,2025-01-18
iPhone 15,15,10000.0,3.4,354,6,28,2025-01-18
iPhone 15 Plus,15,10200.0,4.2,472,13,19,2025-01-18
iPhone 15 Pro,15,12500.0,3.9,402,39,16,2025-01-18
iPhone 15 Pro Max,15,14000.0,4.4,106,8,17,2025-01-18
iPhone 16,16,11000.0,4.3,49,21,16,2025-01-18
iPhone 16 Pro,16,14000.0,3.3,429,42,16,2025-01-18
iPhone 16 Pro Max,16,16000.0,3.9,72,41,19,2025-01-18
iPhone 17,17,12000.0,3.4,16,31,24,2025-01-18
iPhone 17 Pro,17,15500.0,3.8,23,11,24,2025-01-18
iPhone 17 Pro Max,17,18000.0,3.0,395,31,23,2025-01-18
iPhone X,X,5000.0,3.8,239,19,28,2025-01-19
iPhone XS,X,5200.0,3.4,398,5,23,2025-01-19
iPhone XS Max,X,5500.0,3.6,483,49,19,2025-01-19
iPhone 11,11,6000.0,3.2,197,15,22,2025-01-19
iPhone 11 Pro,11,7000.0,3.9,317,30,23,2025-01-19
iPhone 11 Pro Max,11,8000.0,4.6,230,33,13,2025-01-19
iPhone 12,12,7000.0,3.9,30,46,16,2025-01-19
iPhone 12 mini,12,6800.0,4.4,69,33,25,2025-01-19
iPhone 12 Pro,12,8500.0,3.6,251,44,30,2025-01-19
iPhone 12 Pro Max,12,9000.0,4.3,452,26,16,2025-01-19
iPhone 13,13,8000.0,4.3,88,21,20,2025-01-19
iPhone 13 mini,13,7800.0,3.3,425,48,16,2025-01-19
iPhone 13 Pro,13,9500.0,4.0,110,12,18,2025-01-19
iPhone 13 Pro Max,13,10000.0,3.1,161,21,20,2025-01-19
iPhone 14,14,9000.0,4.9,286,44,13,2025-01-19
iPhone 14 Plus,14,9200.0,3.7,408,23,15,2025-01-19
iPhone 14 Pro,14,11000.0,4.3,37,47,26,2025-01-19
iPhone 14 Pro Max,14,12000.0,4.7,17,14,8,2025-01-19
iPhone 15,15,10000.0,3.0,489,32,20,2025-01-19
iPhone 15 Plus,15,10200.0,3.5,338,6,21,2025-01-19
iPhone 15 Pro,15,12500.0,4.3,460,40,26,2025-01-19
iPhone 15 Pro Max,15,14000.0,4.3,387,14,22,2025-01-19
iPhone 16,16,11000.0,4.6,149,31,20,2025-01-19
iPhone 16 Pro,16,14000.0,4.2,360,20,21,2025-01-19
iPhone 16 Pro Max,16,16000.0,4.6,389,38,18,2025-01-19
iPhone 17,17,12000.0,4.9,192,13,15,2025-01-19
iPhone 17 Pro,17,15500.0,3.7,324,18,30,2025-01-19
iPhone 17 Pro Max,17,18000.0,4.9,423,24,14,2025-01-19
iPhone X,X,5000.0,3.2,297,25,24,2025-01-20
iPhone XS,X,5200.0,4.7,277,45,17,2025-01-20
iPhone XS Max,X,5500.0,4.1,158,17,21,2025-01-20
iPhone 11,11,6000.0,3.4,233,15,27,2025-01-20
iPhone 11 Pro,11,7000.0,3.6,159,47,21,2025-01-20
iPhone 11 Pro Max,11,8000.0,4.5,267,33,11,2025-01-20
iPhone 12,12,7000.0,4.4,445,31,19,2025-01-20
iPhone 12 mini,12,6800.0,3.3,53,17,22,2025-01-20
iPhone 12 Pro,12,8500.0,3.8,430,37,10,2025-01-20
iPhone 12 Pro Max,12,9000.0,4.1,422,34,20,2025-01-20
iPhone 13,13,8000.0,4.7,376,29,16,2025-01-20
iPhone 13 mini,13,7800.0,3.9,153,12,22,2025-01-20
iPhone 13 Pro,13,9500.0,3.5,270,7,26,2025-01-20
iPhone 13 Pro Max,13,10000.0,3.4,19,25,17,2025-01-20
iPhone 14,14,9000.0,4.5,240,31,17,2025-01-20
iPhone 14 Plus,14,9200.0,4.6,429,26,14,2025-01-20
iPhone 14 Pro,14,11000.0,4.7,323,16,16,2025-01-20
iPhone 14 Pro Max,14,12000.0,4.9,386,24,23,2025-01-20
iPhone 15,15,10000.0,3.7,252,35,23,2025-01-20
iPhone 15 Plus,15,10200.0,5.0,141,8,18,2025-01-20
iPhone 15 Pro,15,12500.0,4.4,33,39,21,2025-01-20
iPhone 15 Pro Max,15,14000.0,3.0,368,25,15,2025-01-20
iPhone 16,16,11000.0,3.1,439,8,17,2025-01-20
iPhone 16 Pro,16,14000.0,3.8,80,8,14,2025-01-20
iPhone 16 Pro Max,16,16000.0,4.0,12,28,18,2025-01-20
iPhone 17,17,12000.0,4.4,385,28,18,2025-01-20
iPhone 17 Pro,17,15500.0,4.4,91,23,23,2025-01-20
iPhone 17 Pro Max,17,18000.0,4.0,375,23,17,2025-01-20
iPhone X,X,5000.0,3.1,118,16,23,2025-01-21
iPhone XS,X,5200.0,4.6,201,23,24,2025-01-21
iPhone XS Max,X,5500.0,3.9,237,34,16,2025-01-21
iPhone 11,11,6000.0,3.2,125,32,10,2025-01-21
iPhone 11 Pro,11,7000.0,4.5,468,49,22,2025-01-21
iPhone 11 Pro Max,11,8000.0,4.0,56,31,14,2025-01-21
iPhone 12,12,7000.0,4.4,56,18,24,2025-01-21
iPhone 12 mini,12,6800.0,4.9,334,14,24,2025-01-21
iPhone 12 Pro,12,8500.0,3.7,470,47,20,2025-01-21
iPhone 12 Pro Max,12,9000.0,3.6,254,23,11,2025-01-21
iPhone 13,13,8000.0,3.5,311,30,22,2025-01-21
iPhone 13 mini,13,7800.0,3.9,270,40,17,2025-01-21
iPhone 13 Pro,13,9500.0,3.3,269,43,18,2025-01-21
iPhone 13 Pro Max,13,10000.0,4.8,482,40,15,2025-01-21
iPhone 14,14,9000.0,3.0,417,48,15,2025-01-21
iPhone 14 Plus,14,9200.0,4.6,403,20,15,2025-01-21
iPhone 14 Pro,14,11000.0,3.7,488,46,17,2025-01-21
iPhone 14 Pro Max,14,12000.0,3.3,237,47,23,2025-01-21
iPhone 15,15,10000.0,3.1,259,47,20,2025-01-21
iPhone 15 Plus,15,10200.0,3.8,16,10,14,2025-01-21
iPhone 15 Pro,15,12500.0,4.8,475,36,21,2025-01-21
iPhone 15 Pro Max,15,14000.0,4.1,208,25,20,2025-01-21
iPhone 16,16,11000.0,3.1,385,18,23,2025-01-21
iPhone 16 Pro,16,14000.0,3.4,481,23,13,2025-01-21
iPhone 16 Pro Max,16,16000.0,3.6,350,16,15,2025-01-21
iPhone 17,17,12000.0,3.3,205,46,18,2025-01-21
iPhone 17 Pro,17,15500.0,3.2,95,37,14,2025-01-21
iPhone 17 Pro Max,17,18000.0,4.7,451,47,20,2025-01-21
iPhone X,X,5000.0,3.1,95,21,13,2025-01-22
iPhone XS,X,5200.0,4.7,339,25,22,2025-01-22
iPhone XS Max,X,5500.0,3.3,31,6,28,2025-01-22
iPhone 11,11,6000.0,3.6,433,42,18,2025-01-22
iPhone 11 Pro,11,7000.0,4.6,147,39,16,2025-01-22
iPhone 11 Pro Max,11,8000.0,3.3,392,8,16,2025-01-22
iPhone 12,12,7000.0,4.5,223,19,21,2025-01-22
iPhone 12 mini,12,6800.0,4.8,101,18,18,2025-01-22
iPhone 12 Pro,12,8500.0,3.5,498,44,24,2025-01-22
iPhone 12 Pro Max,12,9000.0,4.1,236,10,19,2025-01-22
iPhone 13,13,8000.0,3.7,288,29,15,2025-01-22
iPhone 13 mini,13,7800.0,3.9,276,16,18,2025-01-22
iPhone 13 Pro,13,9500.0,4.0,417,32,15,2025-01-22
iPhone 13 Pro Max,13,10000.0,3.6,402,19,24,2025-01-22
iPhone 14,14,9000.0,4.8,113,22,22,2025-01-22
iPhone 14 Plus,14,9200.0,4.6,272,20,15,2025-01-22
iPhone 14 Pro,14,11000.0,4.7,268,31,18,2025-01-22
iPhone 14 Pro Max,14,12000.0,3.4,110,36,17,2025-01-22
iPhone 15,15,10000.0,4.3,116,41,30,2025-01-22
iPhone 15 Plus,15,10200.0,3.2,41,13,14,2025-01-22
iPhone 15 Pro,15,12500.0,4.6,311,20,19,2025-01-22
iPhone 15 Pro Max,15,14000.0,3.2,167,17,21,2025-01-22
iPhone 16,16,11000.0,3.6,421,42,21,2025-01-22
iPhone 16 Pro,16,14000.0,3.2,205,29,16,2025-01-22
iPhone 16 Pro Max,16,16000.0,4.6,163,9,22,2025-01-22
iPhone 17,17,12000.0,3.2,69,48,18,2025-01-22
iPhone 17 Pro,17,15500.0,5.0,459,48,9,2025-01-22
iPhone 17 Pro Max,17,18000.0,4.0,140,16,16,2025-01-22
iPhone X,X,5000.0,3.7,483,25,17,2025-01-23
iPhone XS,X,5200.0,4.8,316,22,28,2025-01-23
iPhone XS Max,X,5500.0,4.5,450,27,12,2025-01-23
iPhone 11,11,6000.0,4.7,148,34,26,2025-01-23
iPhone 11 Pro,11,7000.0,5.0,428,37,21,2025-01-23
iPhone 11 Pro Max,11,8000.0,3.7,433,32,16,2025-01-23
iPhone 12,12,7000.0,4.4,463,13,24,2025-01-23
iPhone 12 mini,12,6800.0,3.4,152,25,18,2025-01-23
iPhone 12 Pro,12,8500.0,3.1,126,18,19,2025-01-23
iPhone 12 Pro Max,12,9000.0,4.6,261,17,21,2025-01-23
iPhone 13,13,8000.0,4.8,124,37,18,2025-01-23
iPhone 13 mini,13,7800.0,3.8,151,40,14,2025-01-23
iPhone 13 Pro,13,9500.0,3.8,199,39,26,2025-01-23
iPhone 13 Pro Max,13,10000.0,4.0,378,29,18,2025-01-23
iPhone 14,14,9000.0,3.8,279,30,22,2025-01-23
iPhone 14 Plus,14,9200.0,4.7,182,11,24,2025-01-23
iPhone 14 Pro,14,11000.0,4.2,82,23,21,2025-01-23
iPhone 14 Pro Max,14,12000.0,3.2,295,13,29,2025-01-23
iPhone 15,15,10000.0,3.0,385,29,23,2025-01-23
iPhone 15 Plus,15,10200.0,4.2,77,32,15,2025-01-23
iPhone 15 Pro,15,12500.0,4.7,370,26,19,2025-01-23
iPhone 15 Pro Max,15,14000.0,4.6,167,16,19,2025-01-23
iPhone 16,16,11000.0,4.2,73,25,16,2025-01-23
iPhone 16 Pro,16,14000.0,4.7,460,48,20,2025-01-23
iPhone 16 Pro Max,16,16000.0,3.2,210,13,24,2025-01-23
iPhone 17,17,12000.0,4.8,74,12,22,2025-01-23
iPhone 17 Pro,17,15500.0,4.0,440,44,16,2025-01-23
iPhone 17 Pro Max,17,18000.0,4.5,370,23,10,2025-01-23
iPhone X,X,5000.0,4.8,102,26,28,2025-01-24
iPhone XS,X,5200.0,4.2,166,8,26,2025-01-24
iPhone XS Max,X,5500.0,4.4,357,32,23,2025-01-24
iPhone 11,11,6000.0,4.9,203,28,16,2025-01-24
iPhone 11 Pro,11,7000.0,4.2,448,45,31,2025-01-24
iPhone 11 Pro Max,11,8000.0,3.1,162,22,20,2025-01-24
iPhone 12,12,7000.0,3.7,277,10,18,2025-01-24
iPhone 12 mini,12,6800.0,3.4,300,49,9,2025-01-24
iPhone 12 Pro,12,8500.0,3.9,186,17,25,2025-01-24
iPhone 12 Pro Max,12,9000.0,3.1,145,47,20,2025-01-24
iPhone 13,13,8000.0,4.7,362,30,8,2025-01-24
iPhone 13 mini,13,7800.0,3.4,115,47,12,2025-01-24
iPhone 13 Pro,13,9500.0,3.1,242,13,17,2025-01-24
iPhone 13 Pro Max,13,10000.0,4.6,286,43,24,2025-01-24
iPhone 14,14,9000.0,4.1,48,17,18,2025-01-24
iPhone 14 Plus,14,9200.0,3.9,136,49,20,2025-01-24
iPhone 14 Pro,14,11000.0,3.8,117,23,24,2025-01-24
iPhone 14 Pro Max,14,12000.0,4.4,277,37,19,2025-01-24
iPhone 15,15,10000.0,4.6,112,32,17,2025-01-24
iPhone 15 Plus,15,10200.0,3.5,224,24,20,2025-01-24
iPhone 15 Pro,15,12500.0,4.4,459,8,15,2025-01-24
iPhone 15 Pro Max,15,14000.0,3.7,156,32,8,2025-01-24
iPhone 16,16,11000.0,4.1,122,37,11,2025-01-24
iPhone 16 Pro,16,14000.0,4.5,267,33,15,2025-01-24
iPhone 16 Pro Max,16,16000.0,4.4,459,15,20,2025-01-24
iPhone 17,17,12000.0,3.3,210,43,32,2025-01-24
iPhone 17 Pro,17,15500.0,4.7,93,10,20,2025-01-24
iPhone 17 Pro Max,17,18000.0,3.3,90,45,16,2025-01-24
iPhone X,X,5000.0,3.8,428,47,33,2025-01-25
iPhone XS,X,5200.0,3.1,222,35,17,2025-01-25
iPhone XS Max,X,5500.0,3.9,417,42,22,2025-01-25
iPhone 11,11,6000.0,3.9,108,49,24,2025-01-25
iPhone 11 Pro,11,7000.0,3.6,446,42,18,2025-01-25
iPhone 11 Pro Max,11,8000.0,4.6,460,7,27,2025-01-25
iPhone 12,12,7000.0,4.7,344,45,10,2025-01-25
iPhone 12 mini,12,6800.0,4.2,322,40,16,2025-01-25
iPhone 12 Pro,12,8500.0,3.8,417,43,13,2025-01-25
iPhone 12 Pro Max,12,9000.0,4.3,430,5,20,2025-01-25
iPhone 13,13,8000.0,3.7,157,23,20,2025-01-25
iPhone 13 mini,13,7800.0,4.3,436,35,19,2025-01-25
iPhone 13 Pro,13,9500.0,4.6,404,42,20,2025-01-25
iPhone 13 Pro Max,13,10000.0,4.7,449,16,25,2025-01-25
iPhone 14,14,9000.0,4.1,40,8,14,2025-01-25
iPhone 14 Plus,14,9200.0,3.2,439,47,20,2025-01-25
iPhone 14 Pro,14,11000.0,3.8,243,10,18,2025-01-25
iPhone 14 Pro Max,14,12000.0,3.6,494,41,27,2025-01-25
iPhone 15,15,10000.0,4.9,366,39,21,2025-01-25
iPhone 15 Plus,15,10200.0,4.7,378,33,24,2025-01-25
iPhone 15 Pro,15,12500.0,3.6,440,21,12,2025-01-25
iPhone 15 Pro Max,15,14000.0,4.1,174,45,14,2025-01-25
iPhone 16,16,11000.0,4.1,171,49,23,2025-01-25
iPhone 16 Pro,16,14000.0,3.9,51,38,22,2025-01-25
iPhone 16 Pro Max,16,16000.0,3.5,60,25,13,2025-01-25
iPhone 17,17,12000.0,4.9,368,8,15,2025-01-25
iPhone 17 Pro,17,15500.0,3.7,101,28,17,2025-01-25
iPhone 17 Pro Max,17,18000.0,4.6,108,22,22,2025-01-25
iPhone X,X,5000.0,4.2,258,28,13,2025-01-26
iPhone XS,X,5200.0,3.8,293,9,22,2025-01-26
iPhone XS Max,X,5500.0,4.0,173,23,21,2025-01-26
iPhone 11,11,6000.0,4.2,319,49,14,2025-01-26
iPhone 11 Pro,11,7000.0,3.9,255,25,21,2025-01-26
iPhone 11 Pro Max,11,8000.0,3.1,193,24,28,2025-01-26
iPhone 12,12,7000.0,3.9,21,10,19,2025-01-26
iPhone 12 mini,12,6800.0,5.0,245,36,14,2025-01-26
iPhone 12 Pro,12,8500.0,4.0,192,40,15,2025-01-26
iPhone 12 Pro Max,12,9000.0,4.5,408,31,16,2025-01-26
iPhone 13,13,8000.0,4.0,258,21,25,2025-01-26
iPhone 13 mini,13,7800.0,4.5,269,11,18,2025-01-26
iPhone 13 Pro,13,9500.0,4.9,57,13,13,2025-01-26
iPhone 13 Pro Max,13,10000.0,3.5,72,42,24,2025-01-26
iPhone 14,14,9000.0,3.5,334,17,24,2025-01-26
iPhone 14 Plus,14,9200.0,4.9,223,47,23,2025-01-26
iPhone 14 Pro,14,11000.0,4.7,403,46,27,2025-01-26
iPhone 14 Pro Max,14,12000.0,4.6,178,28,26,2025-01-26
iPhone 15,15,10000.0,4.5,295,34,24,2025-01-26
iPhone 15 Plus,15,10200.0,3.6,144,7,22,2025-01-26
iPhone 15 Pro,15,12500.0,4.5,34,41,16,2025-01-26
iPhone 15 Pro Max,15,14000.0,4.5,398,13,22,2025-01-26
iPhone 16,16,11000.0,4.5,173,39,16,2025-01-26
iPhone 16 Pro,16,14000.0,4.0,439,18,21,2025-01-26
iPhone 16 Pro Max,16,16000.0,3.8,423,35,19,2025-01-26
iPhone 17,17,12000.0,3.2,197,17,17,2025-01-26
iPhone 17 Pro,17,15500.0,4.9,299,49,20,2025-01-26
iPhone 17 Pro Max,17,18000.0,3.6,433,21,23,2025-01-26
iPhone X,X,5000.0,4.0,243,20,14,2025-01-27
iPhone XS,X,5200.0,4.4,193,35,19,2025-01-27
iPhone XS Max,X,5500.0,3.5,304,7,24,2025-01-27
iPhone 11,11,6000.0,3.6,62,43,19,2025-01-27
iPhone 11 Pro,11,7000.0,3.5,242,34,20,2025-01-27
iPhone 11 Pro Max,11,8000.0,3.7,322,29,21,2025-01-27
iPhone 12,12,7000.0,3.2,346,27,19,2025-01-27
iPhone 12 mini,12,6800.0,4.6,63,24,25,2025-01-27
iPhone 12 Pro,12,8500.0,4.4,23,32,16,2025-01-27
iPhone 12 Pro Max,12,9000.0,3.6,39,8,14,2025-01-27
iPhone 13,13,8000.0,3.3,480,12,19,2025-01-27
iPhone 13 mini,13,7800.0,3.6,347,38,11,2025-01-27
iPhone 13 Pro,13,9500.0,4.4,370,16,15,2025-01-27
iPhone 13 Pro Max,13,10000.0,3.4,358,30,18,2025-01-27
iPhone 14,14,9000.0,4.4,223,42,20,2025-01-27
iPhone 14 Plus,14,9200.0,3.9,399,9,24,2025-01-27
iPhone 14 Pro,14,11000.0,4.9,329,33,20,2025-01-27
iPhone 14 Pro Max,14,12000.0,4.7,461,40,14,2025-01-27
iPhone 15,15,10000.0,4.8,316,17,10,2025-01-27
iPhone 15 Plus,15,10200.0,4.9,188,41,14,2025-01-27
iPhone 15 Pro,15,12500.0,3.2,480,30,23,2025-01-27
iPhone 15 Pro Max,15,14000.0,4.7,448,14,20,2025-01-27
iPhone 16,16,11000.0,3.3,222,25,19,2025-01-27
iPhone 16 Pro,16,14000.0,3.6,20,21,20,2025-01-27
iPhone 16 Pro Max,16,16000.0,4.4,290,34,19,2025-01-27
iPhone 17,17,12000.0,4.3,302,46,11,2025-01-27
iPhone 17 Pro,17,15500.0,3.2,313,43,5,2025-01-27
iPhone 17 Pro Max,17,18000.0,3.9,155,18,20,2025-01-27
iPhone X,X,5000.0,4.5,370,11,17,2025-01-28
iPhone XS,X,5200.0,4.6,40,6,27,2025-01-28
iPhone XS Max,X,5500.0,3.4,338,42,25,2025-01-28
iPhone 11,11,6000.0,3.4,118,27,19,2025-01-28
iPhone 11 Pro,11,7000.0,4.2,171,13,21,2025-01-28
iPhone 11 Pro Max,11,8000.0,4.5,37,10,15,2025-01-28
iPhone 12,12,7000.0,4.3,158,32,15,2025-01-28
iPhone 12 mini,12,6800.0,4.8,261,47,23,2025-01-28
iPhone 12 Pro,12,8500.0,3.7,322,14,15,2025-01-28
iPhone 12 Pro Max,12,9000.0,4.4,22,41,20,2025-01-28
iPhone 13,13,8000.0,4.8,267,26,20,2025-01-28
iPhone 13 mini,13,7800.0,3.1,396,42,20,2025-01-28
iPhone 13 Pro,13,9500.0,4.1,191,28,23,2025-01-28
iPhone 13 Pro Max,13,10000.0,3.1,355,42,21,2025-01-28
iPhone 14,14,9000.0,4.5,128,32,15,2025-01-28
iPhone 14 Plus,14,9200.0,3.3,469,31,16,2025-01-28
iPhone 14 Pro,14,11000.0,4.2,179,34,14,2025-01-28
iPhone 14 Pro Max,14,12000.0,3.9,233,29,17,2025-01-28
iPhone 15,15,10000.0,4.5,451,11,13,2025-01-28
iPhone 15 Plus,15,10200.0,3.0,52,40,12,2025-01-28
iPhone 15 Pro,15,12500.0,4.1,237,13,26,2025-01-28
iPhone 15 Pro Max,15,14000.0,4.2,465,49,20,2025-01-28
iPhone 16,16,11000.0,3.8,141,44,19,2025-01-28
iPhone 16 Pro,16,14000.0,4.5,480,48,11,2025-01-28
iPhone 16 Pro Max,16,16000.0,3.1,99,44,20,2025-01-28
iPhone 17,17,12000.0,4.9,37,26,21,2025-01-28
iPhone 17 Pro,17,15500.0,3.7,68,30,18,2025-01-28
iPhone 17 Pro Max,17,18000.0,4.2,403,49,18,2025-01-28
iPhone X,X,5000.0,3.6,470,12,13,2025-01-29
iPhone XS,X,5200.0,4.3,330,42,27,2025-01-29
iPhone XS Max,X,5500.0,3.6,197,35,18,2025-01-29
iPhone 11,11,6000.0,3.3,14,24,20,2025-01-29
iPhone 11 Pro,11,7000.0,4.3,468,37,20,2025-01-29
iPhone 11 Pro Max,11,8000.0,3.5,70,25,22,2025-01-29
iPhone 12,12,7000.0,4.9,399,42,13,2025-01-29
iPhone 12 mini,12,6800.0,3.9,12,34,20,2025-01-29
iPhone 12 Pro,12,8500.0,4.7,17,48,21,2025-01-29
iPhone 12 Pro Max,12,9000.0,3.3,340,17,23,2025-01-29
iPhone 13,13,8000.0,4.1,360,32,16,2025-01-29
iPhone 13 mini,13,7800.0,4.3,261,30,21,2025-01-29
iPhone 13 Pro,13,9500.0,4.0,341,15,24,2025-01-29
iPhone 13 Pro Max,13,10000.0,3.4,367,22,19,2025-01-29
iPhone 14,14,9000.0,5.0,269,48,22,2025-01-29
iPhone 14 Plus,14,9200.0,4.5,150,46,20,2025-01-29
iPhone 14 Pro,14,11000.0,4.0,361,40,23,2025-01-29
iPhone 14 Pro Max,14,12000.0,4.3,196,24,13,2025-01-29
iPhone 15,15,10000.0,4.1,351,33,18,2025-01-29
iPhone 15 Plus,15,10200.0,3.0,110,32,19,2025-01-29
iPhone 15 Pro,15,12500.0,4.9,435,47,20,2025-01-29
iPhone 15 Pro Max,15,14000.0,4.6,287,41,13,2025-01-29
iPhone 16,16,11000.0,3.5,358,7,37,2025-01-29
iPhone 16 Pro,16,14000.0,4.0,332,24,12,2025-01-29
iPhone 16 Pro Max,16,16000.0,3.2,103,39,19,2025-01-29
iPhone 17,17,12000.0,3.6,26,22,16,2025-01-29
iPhone 17 Pro,17,15500.0,5.0,358,24,10,2025-01-29
iPhone 17 Pro Max,17,18000.0,4.7,266,30,28,2025-01-29
iPhone X,X,5000.0,4.8,125,27,12,2025-01-30
iPhone XS,X,5200.0,3.1,387,5,20,2025-01-30
iPhone XS Max,X,5500.0,3.4,363,49,18,2025-01-30
iPhone 11,11,6000.0,4.4,321,25,12,2025-01-30
iPhone 11 Pro,11,7000.0,4.0,291,23,18,2025-01-30
iPhone 11 Pro Max,11,8000.0,4.8,163,44,14,2025-01-30
iPhone 12,12,7000.0,3.8,471,8,12,2025-01-30
iPhone 12 mini,12,6800.0,3.5,377,23,21,2025-01-30
iPhone 12 Pro,12,8500.0,4.2,55,32,13,2025-01-30
iPhone 12 Pro Max,12,9000.0,3.6,492,41,26,2025-01-30
iPhone 13,13,8000.0,3.9,376,28,24,2025-01-30
iPhone 13 mini,13,7800.0,3.7,13,7,23,2025-01-30
iPhone 13 Pro,13,9500.0,4.0,442,27,19,2025-01-30
iPhone 13 Pro Max,13,10000.0,4.1,178,10,23,2025-01-30
iPhone 14,14,9000.0,3.1,147,44,16,2025-01-30
iPhone 14 Plus,14,9200.0,3.6,12,26,14,2025-01-30
iPhone 14 Pro,14,11000.0,4.5,485,16,23,2025-01-30
iPhone 14 Pro Max,14,12000.0,4.5,462,17,14,2025-01-30
iPhone 15,15,10000.0,3.8,315,34,25,2025-01-30
iPhone 15 Plus,15,10200.0,4.6,215,40,15,2025-01-30
iPhone 15 Pro,15,12500.0,5.0,31,25,14,2025-01-30
iPhone 15 Pro Max,15,14000.0,3.8,296,46,20,2025-01-30
iPhone 16,16,11000.0,4.4,452,38,22,2025-01-30
iPhone 16 Pro,16,14000.0,4.9,19,26,27,2025-01-30
iPhone 16 Pro Max,16,16000.0,3.5,333,29,20,2025-01-30
iPhone 17,17,12000.0,4.6,200,29,14,2025-01-30
iPhone 17 Pro,17,15500.0,3.3,90,45,13,2025-01-30
iPhone 17 Pro Max,17,18000.0,3.4,432,10,19,2025-01-30
iPhone X,X,5000.0,4.8,416,43,17,2025-01-31
iPhone XS,X,5200.0,3.1,178,33,24,2025-01-31
iPhone XS Max,X,5500.0,3.3,79,10,15,2025-01-31
iPhone 11,11,6000.0,3.2,58,16,22,2025-01-31
iPhone 11 Pro,11,7000.0,4.3,118,5,19,2025-01-31
iPhone 11 Pro Max,11,8000.0,4.0,361,8,10,2025-01-31
iPhone 12,12,7000.0,3.8,348,47,12,2025-01-31
iPhone 12 mini,12,6800.0,4.4,348,10,18,2025-01-31
iPhone 12 Pro,12,8500.0,4.1,442,44,20,2025-01-31
iPhone 12 Pro Max,12,9000.0,4.4,399,44,16,2025-01-31
iPhone 13,13,8000.0,3.4,329,39,20,2025-01-31
iPhone 13 mini,13,7800.0,4.4,437,27,21,2025-01-31
iPhone 13 Pro,13,9500.0,3.6,31,41,18,2025-01-31
iPhone 13 Pro Max,13,10000.0,4.9,123,20,17,2025-01-31
iPhone 14,14,9000.0,5.0,188,22,16,2025-01-31
iPhone 14 Plus,14,9200.0,3.4,21,15,17,2025-01-31
iPhone 14 Pro,14,11000.0,3.4,149,21,19,2025-01-31
iPhone 14 Pro Max,14,12000.0,4.8,78,37,23,2025-01-31
iPhone 15,15,10000.0,3.6,377,45,14,2025-01-31
iPhone 15 Plus,15,10200.0,3.1,56,43,26,2025-01-31
iPhone 15 Pro,15,12500.0,4.9,150,24,25,2025-01-31
iPhone 15 Pro Max,15,14000.0,3.4,412,33,27,2025-01-31
iPhone 16,16,11000.0,3.2,38,28,17,2025-01-31
iPhone 16 Pro,16,14000.0,5.0,227,33,11,2025-01-31
iPhone 16 Pro Max,16,16000.0,5.0,331,10,21,2025-01-31
iPhone 17,17,12000.0,4.1,91,30,20,2025-01-31
iPhone 17 Pro,17,15500.0,4.2,442,31,16,2025-01-31
iPhone 17 Pro Max,17,18000.0,4.2,107,29,20,2025-01-31
iPhone X,X,5000.0,4.5,11,28,21,2025-02-01
iPhone XS,X,5200.0,4.2,304,31,20,2025-02-01
iPhone XS Max,X,5500.0,3.2,239,24,17,2025-02-01
iPhone 11,11,6000.0,4.2,93,39,18,2025-02-01
iPhone 11 Pro,11,7000.0,4.3,423,38,15,2025-02-01
iPhone 11 Pro Max,11,8000.0,4.1,82,37,27,2025-02-01
iPhone 12,12,7000.0,4.3,335,45,11,2025-02-01
iPhone 12 mini,12,6800.0,3.0,461,5,20,2025-02-01
iPhone 12 Pro,12,8500.0,3.2,482,14,13,2025-02-01
iPhone 12 Pro Max,12,9000.0,4.9,414,26,22,2025-02-01
iPhone 13,13,8000.0,4.3,423,29,20,2025-02-01
iPhone 13 mini,13,7800.0,3.8,16,13,17,2025-02-01
iPhone 13 Pro,13,9500.0,3.9,394,14,25,2025-02-01
iPhone 13 Pro Max,13,10000.0,3.4,297,10,18,2025-02-01
iPhone 14,14,9000.0,5.0,154,14,19,2025-02-01
iPhone 14 Plus,14,9200.0,3.2,350,29,19,2025-02-01
iPhone 14 Pro,14,11000.0,3.9,280,8,28,2025-02-01
iPhone 14 Pro Max,14,12000.0,3.0,257,32,17,2025-02-01
iPhone 15,15,10000.0,4.2,386,45,24,2025-02-01
iPhone 15 Plus,15,10200.0,3.2,378,27,15,2025-02-01
iPhone 15 Pro,15,12500.0,3.1,445,37,16,2025-02-01
iPhone 15 Pro Max,15,14000.0,3.5,305,15,15,2025-02-01
iPhone 16,16,11000.0,3.9,460,37,17,2025-02-01
iPhone 16 Pro,16,14000.0,4.9,147,22,21,2025-02-01
iPhone 16 Pro Max,16,16000.0,4.6,284,40,20,2025-02-01
iPhone 17,17,12000.0,3.4,467,42,23,2025-02-01
iPhone 17 Pro,17,15500.0,4.5,385,31,16,2025-02-01
iPhone 17 Pro Max,17,18000.0,3.7,82,10,20,2025-02-01
iPhone X,X,5000.0,4.6,304,32,24,2025-02-02
iPhone XS,X,5200.0,4.3,239,44,18,2025-02-02
iPhone XS Max,X,5500.0,3.9,261,47,17,2025-02-02
iPhone 11,11,6000.0,3.9,194,17,24,2025-02-02
iPhone 11 Pro,11,7000.0,3.6,265,11,19,2025-02-02
iPhone 11 Pro Max,11,8000.0,4.9,216,5,16,2025-02-02
iPhone 12,12,7000.0,4.5,471,42,13,2025-02-02
iPhone 12 mini,12,6800.0,3.3,422,9,24,2025-02-02
iPhone 12 Pro,12,8500.0,4.6,357,25,24,2025-02-02
iPhone 12 Pro Max,12,9000.0,4.7,92,39,24,2025-02-02
iPhone 13,13,8000.0,4.6,138,8,19,2025-02-02
iPhone 13 mini,13,7800.0,4.1,162,25,23,2025-02-02
iPhone 13 Pro,13,9500.0,4.5,387,28,16,2025-02-02
iPhone 13 Pro Max,13,10000.0,4.8,361,9,25,2025-02-02
iPhone 14,14,9000.0,3.7,499,46,15,2025-02-02
iPhone 14 Plus,14,9200.0,3.6,326,13,16,2025-02-02
iPhone 14 Pro,14,11000.0,3.2,118,39,21,2025-02-02
iPhone 14 Pro Max,14,12000.0,4.6,96,21,9,2025-02-02
iPhone 15,15,10000.0,3.7,473,7,18,2025-02-02
iPhone 15 Plus,15,10200.0,3.6,248,41,19,2025-02-02
iPhone 15 Pro,15,12500.0,3.8,169,27,27,2025-02-02
iPhone 15 Pro Max,15,14000.0,4.7,494,10,17,2025-02-02
iPhone 16,16,11000.0,4.6,103,26,9,2025-02-02
iPhone 16 Pro,16,14000.0,3.8,425,46,22,2025-02-02
iPhone 16 Pro Max,16,16000.0,4.8,131,14,25,2025-02-02
iPhone 17,17,12000.0,3.2,243,32,29,2025-02-02
iPhone 17 Pro,17,15500.0,3.6,176,23,25,2025-02-02
iPhone 17 Pro Max,17,18000.0,4.1,372,13,16,2025-02-02
iPhone X,X,5000.0,3.8,455,37,29,2025-02-03
iPhone XS,X,5200.0,4.4,458,33,21,2025-02-03
iPhone XS Max,X,5500.0,4.0,150,5,22,2025-02-03
iPhone 11,11,6000.0,3.2,442,33,31,2025-02-03
iPhone 11 Pro,11,7000.0,3.9,353,30,14,2025-02-03
iPhone 11 Pro Max,11,8000.0,4.5,460,11,20,2025-02-03
iPhone 12,12,7000.0,4.5,112,5,19,2025-02-03
iPhone 12 mini,12,6800.0,4.1,126,47,16,2025-02-03
iPhone 12 Pro,12,8500.0,4.4,389,20,26,2025-02-03
iPhone 12 Pro Max,12,9000.0,4.6,345,45,20,2025-02-03
iPhone 13,13,8000.0,4.0,444,45,25,2025-02-03
iPhone 13 mini,13,7800.0,4.6,434,49,35,2025-02-03
iPhone 13 Pro,13,9500.0,4.0,148,34,15,2025-02-03
iPhone 13 Pro Max,13,10000.0,3.1,15,16,16,2025-02-03
iPhone 14,14,9000.0,3.4,369,40,20,2025-02-03
iPhone 14 Plus,14,9200.0,5.0,91,6,25,2025-02-03
iPhone 14 Pro,14,11000.0,4.0,344,24,14,2025-02-03
iPhone 14 Pro Max,14,12000.0,3.7,329,44,16,2025-02-03
iPhone 15,15,10000.0,3.1,71,8,28,2025-02-03
iPhone 15 Plus,15,10200.0,4.3,116,36,18,2025-02-03
iPhone 15 Pro,15,12500.0,3.0,244,6,18,2025-02-03
iPhone 15 Pro Max,15,14000.0,3.0,133,38,30,2025-02-03
iPhone 16,16,11000.0,4.5,216,29,11,2025-02-03
iPhone 16 Pro,16,14000.0,4.1,377,49,29,2025-02-03
iPhone 16 Pro Max,16,16000.0,3.7,489,21,15,2025-02-03
iPhone 17,17,12000.0,4.3,392,32,27,2025-02-03
iPhone 17 Pro,17,15500.0,3.8,451,21,23,2025-02-03
iPhone 17 Pro Max,17,18000.0,3.9,355,40,12,2025-02-03
iPhone X,X,5000.0,4.7,254,26,16,2025-02-04
iPhone XS,X,5200.0,3.8,276,20,25,2025-02-04
iPhone XS Max,X,5500.0,3.4,68,44,25,2025-02-04
iPhone 11,11,6000.0,4.7,147,48,21,2025-02-04
iPhone 11 Pro,11,7000.0,4.5,345,21,14,2025-02-04
iPhone 11 Pro Max,11,8000.0,3.9,288,22,21,2025-02-04
iPhone 12,12,7000.0,4.9,378,42,30,2025-02-04
iPhone 12 mini,12,6800.0,4.5,70,5,22,2025-02-04
iPhone 12 Pro,12,8500.0,4.1,489,32,11,2025-02-04
iPhone 12 Pro Max,12,9000.0,4.3,400,26,18,2025-02-04
iPhone 13,13,8000.0,3.1,446,19,19,2025-02-04
iPhone 13 mini,13,7800.0,5.0,481,24,26,2025-02-04
iPhone 13 Pro,13,9500.0,4.5,349,16,17,2025-02-04
iPhone 13 Pro Max,13,10000.0,3.9,31,10,17,2025-02-04
iPhone 14,14,9000.0,3.8,105,39,22,2025-02-04
iPhone 14 Plus,14,9200.0,4.7,185,10,25,2025-02-04
iPhone 14 Pro,14,11000.0,3.9,375,44,17,2025-02-04
iPhone 14 Pro Max,14,12000.0,4.3,411,6,28,2025-02-04
iPhone 15,15,10000.0,4.5,490,42,25,2025-02-04
iPhone 15 Plus,15,10200.0,4.6,467,7,15,2025-02-04
iPhone 15 Pro,15,12500.0,5.0,172,35,19,2025-02-04
iPhone 15 Pro Max,15,14000.0,3.3,468,25,17,2025-02-04
iPhone 16,16,11000.0,4.6,468,34,25,2025-02-04
iPhone 16 Pro,16,14000.0,3.5,175,35,13,2025-02-04
iPhone 16 Pro Max,16,16000.0,4.5,123,36,16,2025-02-04
iPhone 17,17,12000.0,4.0,451,39,17,2025-02-04
iPhone 17 Pro,17,15500.0,4.9,206,25,11,2025-02-04
iPhone 17 Pro Max,17,18000.0,3.1,38,23,12,2025-02-04
iPhone X,X,5000.0,3.9,83,47,28,2025-02-05
iPhone XS,X,5200.0,4.7,148,38,29,2025-02-05
iPhone XS Max,X,5500.0,3.7,206,9,25,2025-02-05
iPhone 11,11,6000.0,4.4,418,18,22,2025-02-05
iPhone 11 Pro,11,7000.0,3.1,404,22,24,2025-02-05
iPhone 11 Pro Max,11,8000.0,3.2,84,25,18,2025-02-05
iPhone 12,12,7000.0,4.3,352,45,20,2025-02-05
iPhone 12 mini,12,6800.0,3.1,415,23,20,2025-02-05
iPhone 12 Pro,12,8500.0,4.5,336,8,13,2025-02-05
iPhone 12 Pro Max,12,9000.0,3.1,251,21,18,2025-02-05
iPhone 13,13,8000.0,4.7,151,24,19,2025-02-05
iPhone 13 mini,13,7800.0,3.9,29,34,13,2025-02-05
iPhone 13 Pro,13,9500.0,4.8,165,30,14,2025-02-05
iPhone 13 Pro Max,13,10000.0,4.1,239,6,18,2025-02-05
iPhone 14,14,9000.0,4.8,35,15,11,2025-02-05
iPhone 14 Plus,14,9200.0,3.1,17,33,25,2025-02-05
iPhone 14 Pro,14,11000.0,3.8,423,21,24,2025-02-05
iPhone 14 Pro Max,14,12000.0,4.8,327,47,21,2025-02-05
iPhone 15,15,10000.0,3.4,54,31,15,2025-02-05
iPhone 15 Plus,15,10200.0,4.6,428,24,24,2025-02-05
iPhone 15 Pro,15,12500.0,3.4,474,35,19,2025-02-05
iPhone 15 Pro Max,15,14000.0,4.7,231,24,22,2025-02-05
iPhone 16,16,11000.0,3.7,318,16,21,2025-02-05
iPhone 16 Pro,16,14000.0,4.9,412,15,21,2025-02-05
iPhone 16 Pro Max,16,16000.0,4.6,80,48,19,2025-02-05
iPhone 17,17,12000.0,3.1,225,14,13,2025-02-05
iPhone 17 Pro,17,15500.0,3.1,280,41,21,2025-02-05
iPhone 17 Pro Max,17,18000.0,3.3,81,44,20,2025-02-05
iPhone X,X,5000.0,3.0,416,44,22,2025-02-06
iPhone XS,X,5200.0,3.4,65,14,13,2025-02-06
iPhone XS Max,X,5500.0,3.5,58,40,17,2025-02-06
iPhone 11,11,6000.0,3.4,95,8,20,2025-02-06
iPhone 11 Pro,11,7000.0,3.3,457,42,19,2025-02-06
iPhone 11 Pro Max,11,8000.0,3.6,485,36,15,2025-02-06
iPhone 12,12,7000.0,3.3,201,42,16,2025-02-06
iPhone 12 mini,12,6800.0,3.6,437,27,25,2025-02-06
iPhone 12 Pro,12,8500.0,3.2,256,35,24,2025-02-06
iPhone 12 Pro Max,12,9000.0,3.1,193,38,17,2025-02-06
iPhone 13,13,8000.0,3.9,406,29,29,2025-02-06
iPhone 13 mini,13,7800.0,4.6,408,46,24,2025-02-06
iPhone 13 Pro,13,9500.0,3.6,328,43,27,2025-02-06
iPhone 13 Pro Max,13,10000.0,4.9,227,31,21,2025-02-06
iPhone 14,14,9000.0,4.0,342,20,23,2025-02-06
iPhone 14 Plus,14,9200.0,4.4,453,11,29,2025-02-06
iPhone 14 Pro,14,11000.0,3.2,57,22,21,2025-02-06
iPhone 14 Pro Max,14,12000.0,3.8,233,44,16,2025-02-06
iPhone 15,15,10000.0,3.4,346,41,28,2025-02-06
iPhone 15 Plus,15,10200.0,4.0,279,35,20,2025-02-06
iPhone 15 Pro,15,12500.0,3.8,48,12,27,2025-02-06
iPhone 15 Pro Max,15,14000.0,3.3,431,32,14,2025-02-06
iPhone 16,16,11000.0,3.3,460,32,7,2025-02-06
iPhone 16 Pro,16,14000.0,4.8,105,42,18,2025-02-06
iPhone 16 Pro Max,16,16000.0,4.9,81,10,26,2025-02-06
iPhone 17,17,12000.0,3.7,196,16,17,2025-02-06
iPhone 17 Pro,17,15500.0,4.1,296,33,17,2025-02-06
iPhone 17 Pro Max,17,18000.0,4.3,434,35,22,2025-02-06
iPhone X,X,5000.0,3.4,259,24,15,2025-02-07
iPhone XS,X,5200.0,3.0,136,46,15,2025-02-07
iPhone XS Max,X,5500.0,4.6,285,17,16,2025-02-07
iPhone 11,11,6000.0,4.1,470,21,15,2025-02-07
iPhone 11 Pro,11,7000.0,3.6,337,31,16,2025-02-07
iPhone 11 Pro Max,11,8000.0,4.8,432,41,16,2025-02-07
iPhone 12,12,7000.0,3.9,482,20,26,2025-02-07
iPhone 12 mini,12,6800.0,4.0,295,43,23,2025-02-07
iPhone 12 Pro,12,8500.0,4.9,230,34,30,2025-02-07
iPhone 12 Pro Max,12,9000.0,4.5,121,21,18,2025-02-07
iPhone 13,13,8000.0,4.0,125,19,20,2025-02-07
iPhone 13 mini,13,7800.0,4.0,480,34,24,2025-02-07
iPhone 13 Pro,13,9500.0,4.1,317,13,18,2025-02-07
iPhone 13 Pro Max,13,10000.0,3.0,107,20,21,2025-02-07
iPhone 14,14,9000.0,3.5,280,16,17,2025-02-07
iPhone 14 Plus,14,9200.0,4.2,81,31,21,2025-02-07
iPhone 14 Pro,14,11000.0,3.3,330,47,17,2025-02-07
iPhone 14 Pro Max,14,12000.0,4.5,180,35,26,2025-02-07
iPhone 15,15,10000.0,4.5,425,33,21,2025-02-07
iPhone 15 Plus,15,10200.0,4.9,351,42,21,2025-02-07
iPhone 15 Pro,15,12500.0,3.0,201,12,16,2025-02-07
iPhone 15 Pro Max,15,14000.0,3.7,314,25,23,2025-02-07
iPhone 16,16,11000.0,4.9,72,44,19,2025-02-07
iPhone 16 Pro,16,14000.0,4.2,156,42,21,2025-02-07
iPhone 16 Pro Max,16,16000.0,3.6,47,41,21,2025-02-07
iPhone 17,17,12000.0,3.6,308,40,22,2025-02-07
iPhone 17 Pro,17,15500.0,4.9,317,36,9,2025-02-07
iPhone 17 Pro Max,17,18000.0,3.9,92,39,22,2025-02-07
iPhone X,X,5000.0,3.3,193,32,15,2025-02-08
iPhone XS,X,5200.0,4.7,456,16,13,2025-02-08
iPhone XS Max,X,5500.0,3.4,217,8,17,2025-02-08
iPhone 11,11,6000.0,3.5,193,16,17,2025-02-08
iPhone 11 Pro,11,7000.0,3.5,384,18,24,2025-02-08
iPhone 11 Pro Max,11,8000.0,3.4,417,46,19,2025-02-08
iPhone 12,12,7000.0,4.8,413,44,24,2025-02-08
iPhone 12 mini,12,6800.0,4.6,451,31,20,2025-02-08
iPhone 12 Pro,12,8500.0,3.1,280,39,23,2025-02-08
iPhone 12 Pro Max,12,9000.0,3.8,171,27,14,2025-02-08
iPhone 13,13,8000.0,4.8,349,16,18,2025-02-08
iPhone 13 mini,13,7800.0,4.4,138,29,22,2025-02-08
iPhone 13 Pro,13,9500.0,4.5,396,25,26,2025-02-08
iPhone 13 Pro Max,13,10000.0,3.2,455,37,18,2025-02-08
iPhone 14,14,9000.0,3.2,262,19,23,2025-02-08
iPhone 14 Plus,14,9200.0,4.2,387,9,26,2025-02-08
iPhone 14 Pro,14,11000.0,3.7,372,48,24,2025-02-08
iPhone 14 Pro Max,14,12000.0,4.9,485,39,26,2025-02-08
iPhone 15,15,10000.0,4.1,160,7,26,2025-02-08
iPhone 15 Plus,15,10200.0,4.9,209,15,9,2025-02-08
iPhone 15 Pro,15,12500.0,4.6,14,49,18,2025-02-08
iPhone 15 Pro Max,15,14000.0,3.2,367,33,16,2025-02-08
iPhone 16,16,11000.0,3.5,68,6,22,2025-02-08
iPhone 16 Pro,16,14000.0,3.2,99,17,30,2025-02-08
iPhone 16 Pro Max,16,16000.0,4.1,456,32,19,2025-02-08
iPhone 17,17,12000.0,3.7,256,35,22,2025-02-08
iPhone 17 Pro,17,15500.0,3.1,85,5,12,2025-02-08
iPhone 17 Pro Max,17,18000.0,4.2,330,46,18,2025-02-08
iPhone X,X,5000.0,3.7,414,19,19,2025-02-09
iPhone XS,X,5200.0,3.7,17,21,26,2025-02-09
iPhone XS Max,X,5500.0,3.7,99,17,19,2025-02-09
iPhone 11,11,6000.0,4.0,271,39,15,2025-02-09
iPhone 11 Pro,11,7000.0,3.4,248,12,22,2025-02-09
iPhone 11 Pro Max,11,8000.0,3.8,250,35,22,2025-02-09
iPhone 12,12,7000.0,3.6,172,10,17,2025-02-09
iPhone 12 mini,12,6800.0,3.8,427,30,21,2025-02-09
iPhone 12 Pro,12,8500.0,4.9,483,24,23,2025-02-09
iPhone 12 Pro Max,12,9000.0,4.2,397,21,13,2025-02-09
iPhone 13,13,8000.0,4.9,471,17,16,2025-02-09
iPhone 13 mini,13,7800.0,4.0,72,47,16,2025-02-09
iPhone 13 Pro,13,9500.0,3.1,428,21,13,2025-02-09
iPhone 13 Pro Max,13,10000.0,4.4,131,48,23,2025-02-09
iPhone 14,14,9000.0,4.6,326,21,27,2025-02-09
iPhone 14 Plus,14,9200.0,4.1,137,18,18,2025-02-09
iPhone 14 Pro,14,11000.0,3.6,472,8,17,2025-02-09
iPhone 14 Pro Max,14,12000.0,4.8,397,49,20,2025-02-09
iPhone 15,15,10000.0,3.4,361,49,17,2025-02-09
iPhone 15 Plus,15,10200.0,3.6,280,47,21,2025-02-09
iPhone 15 Pro,15,12500.0,3.5,496,49,8,2025-02-09
iPhone 15 Pro Max,15,14000.0,3.6,473,39,16,2025-02-09
iPhone 16,16,11000.0,3.2,239,22,14,2025-02-09
iPhone 16 Pro,16,14000.0,4.8,160,9,9,2025-02-09
iPhone 16 Pro Max,16,16000.0,3.0,449,48,23,2025-02-09
iPhone 17,17,12000.0,3.5,155,19,18,2025-02-09
iPhone 17 Pro,17,15500.0,4.0,105,13,23,2025-02-09
iPhone 17 Pro Max,17,18000.0,3.7,388,7,11,2025-02-09
iPhone X,X,5000.0,4.7,308,21,14,2025-02-10
iPhone XS,X,5200.0,3.5,476,9,25,2025-02-10
iPhone XS Max,X,5500.0,4.7,463,39,19,2025-02-10
iPhone 11,11,6000.0,4.6,276,17,22,2025-02-10
iPhone 11 Pro,11,7000.0,5.0,12,13,28,2025-02-10
iPhone 11 Pro Max,11,8000.0,4.4,122,45,25,2025-02-10
iPhone 12,12,7000.0,3.4,211,23,19,2025-02-10
iPhone 12 mini,12,6800.0,4.0,224,34,24,2025-02-10
iPhone 12 Pro,12,8500.0,4.6,491,49,11,2025-02-10
iPhone 12 Pro Max,12,9000.0,4.6,499,34,29,2025-02-10
iPhone 13,13,8000.0,3.2,434,29,25,2025-02-10
iPhone 13 mini,13,7800.0,3.3,108,15,28,2025-02-10
iPhone 13 Pro,13,9500.0,3.0,414,26,22,2025-02-10
iPhone 13 Pro Max,13,10000.0,4.9,307,22,18,2025-02-10
iPhone 14,14,9000.0,3.1,340,20,10,2025-02-10
iPhone 14 Plus,14,9200.0,3.1,355,20,26,2025-02-10
iPhone 14 Pro,14,11000.0,3.0,373,47,19,2025-02-10
iPhone 14 Pro Max,14,12000.0,4.2,342,8,19,2025-02-10
iPhone 15,15,10000.0,4.9,139,30,24,2025-02-10
iPhone 15 Plus,15,10200.0,3.5,272,44,14,2025-02-10
iPhone 15 Pro,15,12500.0,3.2,150,47,17,2025-02-10
iPhone 15 Pro Max,15,14000.0,3.5,478,12,23,2025-02-10
iPhone 16,16,11000.0,4.9,217,40,10,2025-02-10
iPhone 16 Pro,16,14000.0,4.7,423,27,16,2025-02-10
iPhone 16 Pro Max,16,16000.0,3.4,467,11,19,2025-02-10
iPhone 17,17,12000.0,3.9,204,19,16,2025-02-10
iPhone 17 Pro,17,15500.0,3.8,439,23,16,2025-02-10
iPhone 17 Pro Max,17,18000.0,3.6,320,33,16,2025-02-10
iPhone X,X,5000.0,3.3,335,40,15,2025-02-11
iPhone XS,X,5200.0,3.3,447,40,18,2025-02-11
iPhone XS Max,X,5500.0,4.2,284,27,16,2025-02-11
iPhone 11,11,6000.0,5.0,365,26,23,2025-02-11
iPhone 11 Pro,11,7000.0,3.7,376,40,24,2025-02-11
iPhone 11 Pro Max,11,8000.0,4.6,157,13,21,2025-02-11
iPhone 12,12,7000.0,4.1,59,22,20,2025-02-11
iPhone 12 mini,12,6800.0,4.1,287,8,18,2025-02-11
iPhone 12 Pro,12,8500.0,3.5,299,17,23,2025-02-11
iPhone 12 Pro Max,12,9000.0,4.2,198,35,25,2025-02-11
iPhone 13,13,8000.0,3.6,190,36,13,2025-02-11
iPhone 13 mini,13,7800.0,3.9,325,28,28,2025-02-11
iPhone 13 Pro,13,9500.0,4.1,153,20,24,2025-02-11
iPhone 13 Pro Max,13,10000.0,4.1,13,11,22,2025-02-11
iPhone 14,14,9000.0,3.0,315,16,23,2025-02-11
iPhone 14 Plus,14,9200.0,3.5,289,8,16,2025-02-11
iPhone 14 Pro,14,11000.0,3.2,419,15,17,2025-02-11
iPhone 14 Pro Max,14,12000.0,4.4,378,6,24,2025-02-11
iPhone 15,15,10000.0,4.5,395,34,14,2025-02-11
iPhone 15 Plus,15,10200.0,3.0,275,46,18,2025-02-11
iPhone 15 Pro,15,12500.0,3.5,342,45,13,2025-02-11
iPhone 15 Pro Max,15,14000.0,4.3,246,26,23,2025-02-11
iPhone 16,16,11000.0,3.2,251,47,21,2025-02-11
iPhone 16 Pro,16,14000.0,3.8,82,16,13,2025-02-11
iPhone 16 Pro Max,16,16000.0,3.1,19,36,22,2025-02-11
iPhone 17,17,12000.0,4.0,75,5,21,2025-02-11
iPhone 17 Pro,17,15500.0,4.3,173,28,31,2025-02-11
iPhone 17 Pro Max,17,18000.0,4.6,203,33,19,2025-02-11
iPhone X,X,5000.0,4.6,110,32,23,2025-02-12
iPhone XS,X,5200.0,4.7,225,18,9,2025-02-12
iPhone XS Max,X,5500.0,4.6,323,16,20,2025-02-12
iPhone 11,11,6000.0,5.0,31,18,19,2025-02-12
iPhone 11 Pro,11,7000.0,4.6,454,40,12,2025-02-12
iPhone 11 Pro Max,11,8000.0,4.7,157,22,24,2025-02-12
iPhone 12,12,7000.0,4.2,160,36,18,2025-02-12
iPhone 12 mini,12,6800.0,4.8,158,44,20,2025-02-12
iPhone 12 Pro,12,8500.0,3.3,240,35,20,2025-02-12
iPhone 12 Pro Max,12,9000.0,4.8,96,18,18,2025-02-12
iPhone 13,13,8000.0,3.3,55,36,19,2025-02-12
iPhone 13 mini,13,7800.0,3.6,292,27,4,2025-02-12
iPhone 13 Pro,13,9500.0,4.5,388,18,15,2025-02-12
iPhone 13 Pro Max,13,10000.0,3.5,447,27,26,2025-02-12
iPhone 14,14,9000.0,4.6,406,24,23,2025-02-12
iPhone 14 Plus,14,9200.0,3.2,418,35,33,2025-02-12
iPhone 14 Pro,14,11000.0,3.8,438,9,13,2025-02-12
iPhone 14 Pro Max,14,12000.0,3.2,221,48,17,2025-02-12
iPhone 15,15,10000.0,3.2,84,43,19,2025-02-12
iPhone 15 Plus,15,10200.0,4.1,227,20,21,2025-02-12
iPhone 15 Pro,15,12500.0,5.0,55,7,17,2025-02-12
iPhone 15 Pro Max,15,14000.0,3.6,346,6,25,2025-02-12
iPhone 16,16,11000.0,4.3,335,12,16,2025-02-12
iPhone 16 Pro,16,14000.0,4.3,172,9,18,2025-02-12
iPhone 16 Pro Max,16,16000.0,4.2,213,24,25,2025-02-12
iPhone 17,17,12000.0,4.7,284,42,24,2025-02-12
iPhone 17 Pro,17,15500.0,3.2,180,17,25,2025-02-12
iPhone 17 Pro Max,17,18000.0,3.6,120,49,23,2025-02-12
iPhone X,X,5000.0,4.7,220,12,19,2025-02-13
iPhone XS,X,5200.0,4.2,421,13,15,2025-02-13
iPhone XS Max,X,5500.0,3.2,220,43,19,2025-02-13
iPhone 11,11,6000.0,3.1,276,30,22,2025-02-13
iPhone 11 Pro,11,7000.0,3.6,20,42,11,2025-02-13
iPhone 11 Pro Max,11,8000.0,3.8,381,42,20,2025-02-13
iPhone 12,12,7000.0,4.3,229,5,20,2025-02-13
iPhone 12 mini,12,6800.0,3.3,440,11,22,2025-02-13
iPhone 12 Pro,12,8500.0,4.3,326,8,22,2025-02-13
iPhone 12 Pro Max,12,9000.0,4.1,436,41,15,2025-02-13
iPhone 13,13,8000.0,3.0,97,20,14,2025-02-13
iPhone 13 mini,13,7800.0,4.4,84,36,26,2025-02-13
iPhone 13 Pro,13,9500.0,4.5,375,15,24,2025-02-13
iPhone 13 Pro Max,13,10000.0,4.6,37,47,9,2025-02-13
iPhone 14,14,9000.0,4.9,35,29,19,2025-02-13
iPhone 14 Plus,14,9200.0,4.0,343,39,17,2025-02-13
iPhone 14 Pro,14,11000.0,4.3,282,7,9,2025-02-13
iPhone 14 Pro Max,14,12000.0,3.8,88,29,16,2025-02-13
iPhone 15,15,10000.0,3.8,115,42,8,2025-02-13
iPhone 15 Plus,15,10200.0,4.5,346,22,14,2025-02-13
iPhone 15 Pro,15,12500.0,3.4,339,14,20,2025-02-13
iPhone 15 Pro Max,15,14000.0,3.2,484,37,11,2025-02-13
iPhone 16,16,11000.0,3.3,446,38,20,2025-02-13
iPhone 16 Pro,16,14000.0,4.4,269,5,17,2025-02-13
iPhone 16 Pro Max,16,16000.0,3.1,187,13,15,2025-02-13
iPhone 17,17,12000.0,4.1,308,31,14,2025-02-13
iPhone 17 Pro,17,15500.0,4.2,386,22,25,2025-02-13
iPhone 17 Pro Max,17,18000.0,3.7,430,21,20,2025-02-13
iPhone X,X,5000.0,4.0,439,30,21,2025-02-14
iPhone XS,X,5200.0,3.4,287,15,3,2025-02-14
iPhone XS Max,X,5500.0,4.6,277,34,13,2025-02-14
iPhone 11,11,6000.0,3.4,262,5,14,2025-02-14
iPhone 11 Pro,11,7000.0,3.6,355,27,15,2025-02-14
iPhone 11 Pro Max,11,8000.0,4.2,161,26,11,2025-02-14
iPhone 12,12,7000.0,3.9,411,35,22,2025-02-14
iPhone 12 mini,12,6800.0,3.7,255,25,26,2025-02-14
iPhone 12 Pro,12,8500.0,3.0,38,37,10,2025-02-14
iPhone 12 Pro Max,12,9000.0,4.2,496,48,24,2025-02-14
iPhone 13,13,8000.0,3.1,268,11,18,2025-02-14
iPhone 13 mini,13,7800.0,3.4,426,48,24,2025-02-14
iPhone 13 Pro,13,9500.0,3.1,387,15,21,2025-02-14
iPhone 13 Pro Max,13,10000.0,3.7,102,28,26,2025-02-14
iPhone 14,14,9000.0,4.1,181,10,7,2025-02-14
iPhone 14 Plus,14,9200.0,3.0,260,20,12,2025-02-14
iPhone 14 Pro,14,11000.0,4.7,176,32,18,2025-02-14
iPhone 14 Pro Max,14,12000.0,4.0,451,49,19,2025-02-14
iPhone 15,15,10000.0,4.6,462,27,16,2025-02-14
iPhone 15 Plus,15,10200.0,4.7,260,43,24,2025-02-14
iPhone 15 Pro,15,12500.0,3.7,464,33,15,2025-02-14
iPhone 15 Pro Max,15,14000.0,4.2,405,42,24,2025-02-14
iPhone 16,16,11000.0,4.0,156,7,25,2025-02-14
iPhone 16 Pro,16,14000.0,3.3,397,25,18,2025-02-14
iPhone 16 Pro Max,16,16000.0,3.1,145,27,21,2025-02-14
iPhone 17,17,12000.0,3.4,343,17,20,2025-02-14
iPhone 17 Pro,17,15500.0,3.2,336,19,23,2025-02-14
iPhone 17 Pro Max,17,18000.0,4.8,122,41,22,2025-02-14
iPhone X,X,5000.0,3.9,275,47,14,2025-02-15
iPhone XS,X,5200.0,3.9,315,16,31,2025-02-15
iPhone XS Max,X,5500.0,5.0,197,30,23,2025-02-15
iPhone 11,11,6000.0,3.3,288,47,25,2025-02-15
iPhone 11 Pro,11,7000.0,4.4,462,47,18,2025-02-15
iPhone 11 Pro Max,11,8000.0,4.3,328,32,17,2025-02-15
iPhone 12,12,7000.0,4.3,164,36,6,2025-02-15
iPhone 12 mini,12,6800.0,3.0,490,8,18,2025-02-15
iPhone 12 Pro,12,8500.0,3.4,491,7,20,2025-02-15
iPhone 12 Pro Max,12,9000.0,4.9,496,34,22,2025-02-15
iPhone 13,13,8000.0,4.0,206,29,20,2025-02-15
iPhone 13 mini,13,7800.0,3.4,467,49,17,2025-02-15
iPhone 13 Pro,13,9500.0,4.0,328,16,19,2025-02-15
iPhone 13 Pro Max,13,10000.0,3.7,212,23,18,2025-02-15
iPhone 14,14,9000.0,5.0,318,30,20,2025-02-15
iPhone 14 Plus,14,9200.0,3.4,242,5,20,2025-02-15
iPhone 14 Pro,14,11000.0,3.8,384,26,22,2025-02-15
iPhone 14 Pro Max,14,12000.0,3.7,448,32,17,2025-02-15
iPhone 15,15,10000.0,3.8,196,37,22,2025-02-15
iPhone 15 Plus,15,10200.0,4.7,186,41,22,2025-02-15
iPhone 15 Pro,15,12500.0,4.4,107,39,29,2025-02-15
iPhone 15 Pro Max,15,14000.0,4.2,319,26,17,2025-02-15
iPhone 16,16,11000.0,3.3,428,49,17,2025-02-15
iPhone 16 Pro,16,14000.0,4.3,436,47,14,2025-02-15
iPhone 16 Pro Max,16,16000.0,3.8,167,17,27,2025-02-15
iPhone 17,17,12000.0,3.3,322,43,29,2025-02-15
iPhone 17 Pro,17,15500.0,4.1,310,48,23,2025-02-15
iPhone 17 Pro Max,17,18000.0,3.1,179,11,15,2025-02-15
iPhone X,X,5000.0,4.6,349,31,24,2025-02-16
iPhone XS,X,5200.0,4.1,296,25,14,2025-02-16
iPhone XS Max,X,5500.0,4.5,121,49,14,2025-02-16
iPhone 11,11,6000.0,3.5,126,32,19,2025-02-16
iPhone 11 Pro,11,7000.0,4.2,434,6,10,2025-02-16
iPhone 11 Pro Max,11,8000.0,4.5,438,15,19,2025-02-16
iPhone 12,12,7000.0,4.2,177,7,19,2025-02-16
iPhone 12 mini,12,6800.0,3.2,155,28,13,2025-02-16
iPhone 12 Pro,12,8500.0,4.0,199,5,21,2025-02-16
iPhone 12 Pro Max,12,9000.0,4.8,235,33,25,2025-02-16
iPhone 13,13,8000.0,4.6,220,29,21,2025-02-16
iPhone 13 mini,13,7800.0,4.1,412,37,20,2025-02-16
iPhone 13 Pro,13,9500.0,3.5,245,44,15,2025-02-16
iPhone 13 Pro Max,13,10000.0,4.1,143,25,14,2025-02-16
iPhone 14,14,9000.0,3.9,361,45,20,2025-02-16
iPhone 14 Plus,14,9200.0,3.4,453,28,13,2025-02-16
iPhone 14 Pro,14,11000.0,3.8,338,35,25,2025-02-16
iPhone 14 Pro Max,14,12000.0,4.9,281,19,23,2025-02-16
iPhone 15,15,10000.0,3.3,317,9,31,2025-02-16
iPhone 15 Plus,15,10200.0,4.3,267,33,12,2025-02-16
iPhone 15 Pro,15,12500.0,4.9,435,49,15,2025-02-16
iPhone 15 Pro Max,15,14000.0,4.8,200,13,25,2025-02-16
iPhone 16,16,11000.0,3.3,276,39,18,2025-02-16
iPhone 16 Pro,16,14000.0,3.7,82,11,13,2025-02-16
iPhone 16 Pro Max,16,16000.0,3.6,321,27,26,2025-02-16
iPhone 17,17,12000.0,3.2,166,18,22,2025-02-16
iPhone 17 Pro,17,15500.0,3.7,206,35,15,2025-02-16
iPhone 17 Pro Max,17,18000.0,4.3,22,43,18,2025-02-16
iPhone X,X,5000.0,4.3,384,10,15,2025-02-17
iPhone XS,X,5200.0,3.4,349,9,18,2025-02-17
iPhone XS Max,X,5500.0,3.5,324,23,24,2025-02-17
iPhone 11,11,6000.0,4.6,370,8,20,2025-02-17
iPhone 11 Pro,11,7000.0,4.6,448,39,18,2025-02-17
iPhone 11 Pro Max,11,8000.0,4.9,16,34,21,2025-02-17
iPhone 12,12,7000.0,3.7,482,20,15,2025-02-17
iPhone 12 mini,12,6800.0,3.5,229,20,19,2025-02-17
iPhone 12 Pro,12,8500.0,4.6,51,21,23,2025-02-17
iPhone 12 Pro Max,12,9000.0,4.7,43,40,17,2025-02-17
iPhone 13,13,8000.0,3.3,417,22,20,2025-02-17
iPhone 13 mini,13,7800.0,3.7,346,28,21,2025-02-17
iPhone 13 Pro,13,9500.0,3.5,392,38,19,2025-02-17
iPhone 13 Pro Max,13,10000.0,3.2,63,43,19,2025-02-17
iPhone 14,14,9000.0,4.5,337,24,24,2025-02-17
iPhone 14 Plus,14,9200.0,4.6,118,5,16,2025-02-17
iPhone 14 Pro,14,11000.0,4.2,209,8,27,2025-02-17
iPhone 14 Pro Max,14,12000.0,3.6,16,31,26,2025-02-17
iPhone 15,15,10000.0,4.9,473,42,22,2025-02-17
iPhone 15 Plus,15,10200.0,4.3,72,40,24,2025-02-17
iPhone 15 Pro,15,12500.0,4.2,196,21,26,2025-02-17
iPhone 15 Pro Max,15,14000.0,4.7,381,39,19,2025-02-17
iPhone 16,16,11000.0,4.7,456,35,17,2025-02-17
iPhone 16 Pro,16,14000.0,3.3,347,18,16,2025-02-17
iPhone 16 Pro Max,16,16000.0,3.7,88,10,24,2025-02-17
iPhone 17,17,12000.0,3.5,88,7,18,2025-02-17
iPhone 17 Pro,17,15500.0,4.3,470,45,19,2025-02-17
iPhone 17 Pro Max,17,18000.0,3.1,88,48,20,2025-02-17
iPhone X,X,5000.0,4.1,358,38,19,2025-02-18
iPhone XS,X,5200.0,3.1,201,29,13,2025-02-18
iPhone XS Max,X,5500.0,3.3,401,31,19,2025-02-18
iPhone 11,11,6000.0,4.3,65,34,19,2025-02-18
iPhone 11 Pro,11,7000.0,3.8,94,26,22,2025-02-18
iPhone 11 Pro Max,11,8000.0,4.3,122,47,17,2025-02-18
iPhone 12,12,7000.0,3.9,451,6,21,2025-02-18
iPhone 12 mini,12,6800.0,4.5,90,43,22,2025-02-18
iPhone 12 Pro,12,8500.0,4.7,78,24,16,2025-02-18
iPhone 12 Pro Max,12,9000.0,4.7,331,13,33,2025-02-18
iPhone 13,13,8000.0,4.1,351,26,16,2025-02-18
iPhone 13 mini,13,7800.0,3.2,375,37,22,2025-02-18
iPhone 13 Pro,13,9500.0,4.4,458,37,14,2025-02-18
iPhone 13 Pro Max,13,10000.0,3.5,292,47,25,2025-02-18
iPhone 14,14,9000.0,4.5,170,32,23,2025-02-18
iPhone 14 Plus,14,9200.0,4.8,327,20,15,2025-02-18
iPhone 14 Pro,14,11000.0,3.5,379,46,23,2025-02-18
iPhone 14 Pro Max,14,12000.0,3.2,191,17,12,2025-02-18
iPhone 15,15,10000.0,4.5,180,43,20,2025-02-18
iPhone 15 Plus,15,10200.0,4.5,191,34,20,2025-02-18
iPhone 15 Pro,15,12500.0,4.6,323,8,19,2025-02-18
iPhone 15 Pro Max,15,14000.0,5.0,305,10,21,2025-02-18
iPhone 16,16,11000.0,3.5,202,8,21,2025-02-18
iPhone 16 Pro,16,14000.0,3.7,260,16,17,2025-02-18
iPhone 16 Pro Max,16,16000.0,4.9,193,10,25,2025-02-18
iPhone 17,17,12000.0,3.0,74,28,17,2025-02-18
iPhone 17 Pro,17,15500.0,4.1,464,23,16,2025-02-18
iPhone 17 Pro Max,17,18000.0,3.4,71,34,19,2025-02-18
iPhone X,X,5000.0,3.9,468,24,23,2025-02-19
iPhone XS,X,5200.0,4.1,458,35,23,2025-02-19
iPhone XS Max,X,5500.0,3.7,411,21,25,2025-02-19
iPhone 11,11,6000.0,4.7,449,26,14,2025-02-19
iPhone 11 Pro,11,7000.0,4.4,384,23,19,2025-02-19
iPhone 11 Pro Max,11,8000.0,4.5,25,48,13,2025-02-19
iPhone 12,12,7000.0,3.9,63,44,18,2025-02-19
iPhone 12 mini,12,6800.0,4.7,201,47,18,2025-02-19
iPhone 12 Pro,12,8500.0,3.0,196,27,20,2025-02-19
iPhone 12 Pro Max,12,9000.0,4.0,171,49,21,2025-02-19
iPhone 13,13,8000.0,3.8,87,20,22,2025-02-19
iPhone 13 mini,13,7800.0,3.3,134,21,15,2025-02-19
iPhone 13 Pro,13,9500.0,4.0,335,26,23,2025-02-19
iPhone 13 Pro Max,13,10000.0,3.3,67,10,26,2025-02-19
iPhone 14,14,9000.0,4.6,399,49,16,2025-02-19
iPhone 14 Plus,14,9200.0,4.9,106,19,15,2025-02-19
iPhone 14 Pro,14,11000.0,4.4,64,31,18,2025-02-19
iPhone 14 Pro Max,14,12000.0,5.0,128,20,21,2025-02-19
iPhone 15,15,10000.0,4.6,163,39,14,2025-02-19
iPhone 15 Plus,15,10200.0,3.3,178,45,22,2025-02-19
iPhone 15 Pro,15,12500.0,4.8,12,36,22,2025-02-19
iPhone 15 Pro Max,15,14000.0,4.6,70,18,21,2025-02-19
iPhone 16,16,11000.0,4.3,15,43,25,2025-02-19
iPhone 16 Pro,16,14000.0,4.4,414,21,22,2025-02-19
iPhone 16 Pro Max,16,16000.0,3.9,124,46,23,2025-02-19
iPhone 17,17,12000.0,4.2,41,19,20,2025-02-19
iPhone 17 Pro,17,15500.0,4.5,293,21,19,2025-02-19
iPhone 17 Pro Max,17,18000.0,3.9,136,40,13,2025-02-19
iPhone X,X,5000.0,4.0,22,19,18,2025-02-20
iPhone XS,X,5200.0,3.1,483,37,13,2025-02-20
iPhone XS Max,X,5500.0,4.7,34,41,16,2025-02-20
iPhone 11,11,6000.0,3.4,353,44,18,2025-02-20
iPhone 11 Pro,11,7000.0,3.4,106,21,22,2025-02-20
iPhone 11 Pro Max,11,8000.0,3.8,327,28,17,2025-02-20
iPhone 12,12,7000.0,3.6,346,21,23,2025-02-20
iPhone 12 mini,12,6800.0,4.1,192,33,15,2025-02-20
iPhone 12 Pro,12,8500.0,4.1,374,21,17,2025-02-20
iPhone 12 Pro Max,12,9000.0,4.8,91,21,17,2025-02-20
iPhone 13,13,8000.0,3.7,442,33,21,2025-02-20
iPhone 13 mini,13,7800.0,4.5,385,47,19,2025-02-20
iPhone 13 Pro,13,9500.0,3.1,214,19,12,2025-02-20
iPhone 13 Pro Max,13,10000.0,4.7,355,30,19,2025-02-20
iPhone 14,14,9000.0,3.8,163,32,25,2025-02-20
iPhone 14 Plus,14,9200.0,3.4,490,46,22,2025-02-20
iPhone 14 Pro,14,11000.0,4.1,426,16,17,2025-02-20
iPhone 14 Pro Max,14,12000.0,3.9,64,30,25,2025-02-20
iPhone 15,15,10000.0,3.7,317,40,20,2025-02-20
iPhone 15 Plus,15,10200.0,4.5,409,28,22,2025-02-20
iPhone 15 Pro,15,12500.0,4.7,327,5,19,2025-02-20
iPhone 15 Pro Max,15,14000.0,4.3,451,12,17,2025-02-20
iPhone 16,16,11000.0,4.5,357,10,14,2025-02-20
iPhone 16 Pro,16,14000.0,4.5,308,30,22,2025-02-20
iPhone 16 Pro Max,16,16000.0,3.4,208,37,19,2025-02-20
iPhone 17,17,12000.0,3.4,445,8,28,2025-02-20
iPhone 17 Pro,17,15500.0,4.4,468,6,15,2025-02-20
iPhone 17 Pro Max,17,18000.0,4.8,53,37,7,2025-02-20
iPhone X,X,5000.0,4.4,225,38,20,2025-02-21
iPhone XS,X,5200.0,3.9,433,6,30,2025-02-21
iPhone XS Max,X,5500.0,3.0,96,19,14,2025-02-21
iPhone 11,11,6000.0,3.3,139,24,12,2025-02-21
iPhone 11 Pro,11,7000.0,4.7,55,7,29,2025-02-21
iPhone 11 Pro Max,11,8000.0,4.7,87,20,19,2025-02-21
iPhone 12,12,7000.0,3.6,53,10,13,2025-02-21
iPhone 12 mini,12,6800.0,3.2,189,34,19,2025-02-21
iPhone 12 Pro,12,8500.0,3.7,497,11,30,2025-02-21
iPhone 12 Pro Max,12,9000.0,3.4,62,47,26,2025-02-21
iPhone 13,13,8000.0,3.2,144,9,18,2025-02-21
iPhone 13 mini,13,7800.0,3.3,32,41,13,2025-02-21
iPhone 13 Pro,13,9500.0,3.2,396,33,20,2025-02-21
iPhone 13 Pro Max,13,10000.0,4.5,386,15,10,2025-02-21
iPhone 14,14,9000.0,4.4,115,28,15,2025-02-21
iPhone 14 Plus,14,9200.0,3.5,275,16,25,2025-02-21
iPhone 14 Pro,14,11000.0,3.4,128,38,18,2025-02-21
iPhone 14 Pro Max,14,12000.0,4.1,277,43,16,2025-02-21
iPhone 15,15,10000.0,4.2,406,38,27,2025-02-21
iPhone 15 Plus,15,10200.0,4.9,206,23,12,2025-02-21
iPhone 15 Pro,15,12500.0,4.8,90,14,13,2025-02-21
iPhone 15 Pro Max,15,14000.0,4.3,456,16,21,2025-02-21
iPhone 16,16,11000.0,4.0,17,15,22,2025-02-21
iPhone 16 Pro,16,14000.0,4.6,121,12,16,2025-02-21
iPhone 16 Pro Max,16,16000.0,4.5,371,16,25,2025-02-21
iPhone 17,17,12000.0,4.5,351,25,20,2025-02-21
iPhone 17 Pro,17,15500.0,3.3,487,43,18,2025-02-21
iPhone 17 Pro Max,17,18000.0,3.6,419,42,24,2025-02-21
iPhone X,X,5000.0,4.7,198,48,24,2025-02-22
iPhone XS,X,5200.0,3.1,399,21,17,2025-02-22
iPhone XS Max,X,5500.0,4.2,303,28,25,2025-02-22
iPhone 11,11,6000.0,3.7,79,25,14,2025-02-22
iPhone 11 Pro,11,7000.0,3.6,48,28,27,2025-02-22
iPhone 11 Pro Max,11,8000.0,4.5,253,36,19,2025-02-22
iPhone 12,12,7000.0,4.7,307,31,23,2025-02-22
iPhone 12 mini,12,6800.0,3.8,243,30,17,2025-02-22
iPhone 12 Pro,12,8500.0,3.9,288,38,12,2025-02-22
iPhone 12 Pro Max,12,9000.0,3.8,296,11,10,2025-02-22
iPhone 13,13,8000.0,3.9,222,6,17,2025-02-22
iPhone 13 mini,13,7800.0,3.1,300,22,12,2025-02-22
iPhone 13 Pro,13,9500.0,3.7,97,12,18,2025-02-22
iPhone 13 Pro Max,13,10000.0,3.2,445,15,15,2025-02-22
iPhone 14,14,9000.0,4.7,227,40,10,2025-02-22
iPhone 14 Plus,14,9200.0,4.0,51,23,20,2025-02-22
iPhone 14 Pro,14,11000.0,4.4,359,23,16,2025-02-22
iPhone 14 Pro Max,14,12000.0,3.3,149,28,15,2025-02-22
iPhone 15,15,10000.0,3.8,401,22,21,2025-02-22
iPhone 15 Plus,15,10200.0,4.1,22,23,23,2025-02-22
iPhone 15 Pro,15,12500.0,3.7,99,44,23,2025-02-22
iPhone 15 Pro Max,15,14000.0,3.2,468,48,34,2025-02-22
iPhone 16,16,11000.0,4.9,86,41,16,2025-02-22
iPhone 16 Pro,16,14000.0,4.4,291,30,20,2025-02-22
iPhone 16 Pro Max,16,16000.0,4.2,25,27,27,2025-02-22
iPhone 17,17,12000.0,3.8,494,17,22,2025-02-22
iPhone 17 Pro,17,15500.0,4.3,339,17,15,2025-02-22
iPhone 17 Pro Max,17,18000.0,4.7,257,11,14,2025-02-22
iPhone X,X,5000.0,4.5,425,39,15,2025-02-23
iPhone XS,X,5200.0,4.5,74,8,17,2025-02-23
iPhone XS Max,X,5500.0,3.5,35,41,19,2025-02-23
iPhone 11,11,6000.0,3.5,228,43,20,2025-02-23
iPhone 11 Pro,11,7000.0,3.4,160,20,21,2025-02-23
iPhone 11 Pro Max,11,8000.0,3.6,309,16,22,2025-02-23
iPhone 12,12,7000.0,3.8,265,37,20,2025-02-23
iPhone 12 mini,12,6800.0,4.8,191,32,15,2025-02-23
iPhone 12 Pro,12,8500.0,4.7,206,38,20,2025-02-23
iPhone 12 Pro Max,12,9000.0,3.7,51,42,22,2025-02-23
iPhone 13,13,8000.0,3.6,42,11,25,2025-02-23
iPhone 13 mini,13,7800.0,4.9,83,47,23,2025-02-23
iPhone 13 Pro,13,9500.0,4.6,175,19,19,2025-02-23
iPhone 13 Pro Max,13,10000.0,3.6,405,8,16,2025-02-23
iPhone 14,14,9000.0,4.8,345,44,14,2025-02-23
iPhone 14 Plus,14,9200.0,3.5,110,7,11,2025-02-23
iPhone 14 Pro,14,11000.0,4.3,318,22,21,2025-02-23
iPhone 14 Pro Max,14,12000.0,4.3,235,45,28,2025-02-23
iPhone 15,15,10000.0,4.2,358,45,18,2025-02-23
iPhone 15 Plus,15,10200.0,3.6,345,16,17,2025-02-23
iPhone 15 Pro,15,12500.0,3.5,363,46,27,2025-02-23
iPhone 15 Pro Max,15,14000.0,3.2,260,31,14,2025-02-23
iPhone 16,16,11000.0,4.7,183,46,25,2025-02-23
iPhone 16 Pro,16,14000.0,3.2,68,13,16,2025-02-23
iPhone 16 Pro Max,16,16000.0,4.2,224,6,20,2025-02-23
iPhone 17,17,12000.0,4.5,57,47,27,2025-02-23
iPhone 17 Pro,17,15500.0,4.0,225,30,26,2025-02-23
iPhone 17 Pro Max,17,18000.0,4.7,461,20,21,2025-02-23
iPhone X,X,5000.0,4.0,423,40,23,2025-02-24
iPhone XS,X,5200.0,4.7,251,16,25,2025-02-24
iPhone XS Max,X,5500.0,4.1,321,8,18,2025-02-24
iPhone 11,11,6000.0,4.7,446,24,21,2025-02-24
iPhone 11 Pro,11,7000.0,3.1,165,20,10,2025-02-24
iPhone 11 Pro Max,11,8000.0,3.9,342,23,20,2025-02-24
iPhone 12,12,7000.0,3.6,411,18,18,2025-02-24
iPhone 12 mini,12,6800.0,4.6,374,48,16,2025-02-24
iPhone 12 Pro,12,8500.0,3.5,437,8,25,2025-02-24
iPhone 12 Pro Max,12,9000.0,3.0,489,46,17,2025-02-24
iPhone 13,13,8000.0,3.7,240,9,11,2025-02-24
iPhone 13 mini,13,7800.0,3.7,137,25,18,2025-02-24
iPhone 13 Pro,13,9500.0,3.2,101,43,26,2025-02-24
iPhone 13 Pro Max,13,10000.0,3.2,154,9,23,2025-02-24
iPhone 14,14,9000.0,3.0,71,35,23,2025-02-24
iPhone 14 Plus,14,9200.0,3.9,156,40,19,2025-02-24
iPhone 14 Pro,14,11000.0,4.1,150,18,26,2025-02-24
iPhone 14 Pro Max,14,12000.0,4.6,301,48,29,2025-02-24
iPhone 15,15,10000.0,3.8,271,5,19,2025-02-24
iPhone 15 Plus,15,10200.0,4.9,89,27,27,2025-02-24
iPhone 15 Pro,15,12500.0,3.1,495,29,11,2025-02-24
iPhone 15 Pro Max,15,14000.0,3.6,393,37,23,2025-02-24
iPhone 16,16,11000.0,5.0,396,46,16,2025-02-24
iPhone 16 Pro,16,14000.0,3.3,136,49,20,2025-02-24
iPhone 16 Pro Max,16,16000.0,4.0,64,24,17,2025-02-24
iPhone 17,17,12000.0,3.6,448,27,18,2025-02-24
iPhone 17 Pro,17,15500.0,3.8,382,17,25,2025-02-24
iPhone 17 Pro Max,17,18000.0,4.3,284,23,17,2025-02-24
iPhone X,X,5000.0,4.4,127,46,20,2025-02-25
iPhone XS,X,5200.0,3.0,440,6,22,2025-02-25
iPhone XS Max,X,5500.0,3.9,109,23,21,2025-02-25
iPhone 11,11,6000.0,4.1,45,44,10,2025-02-25
iPhone 11 Pro,11,7000.0,3.3,495,29,19,2025-02-25
iPhone 11 Pro Max,11,8000.0,4.2,466,8,25,2025-02-25
iPhone 12,12,7000.0,4.1,23,9,21,2025-02-25
iPhone 12 mini,12,6800.0,4.2,26,34,20,2025-02-25
iPhone 12 Pro,12,8500.0,4.5,108,27,12,2025-02-25
iPhone 12 Pro Max,12,9000.0,3.9,280,32,14,2025-02-25
iPhone 13,13,8000.0,4.0,428,26,17,2025-02-25
iPhone 13 mini,13,7800.0,4.4,222,49,25,2025-02-25
iPhone 13 Pro,13,9500.0,4.0,56,36,20,2025-02-25
iPhone 13 Pro Max,13,10000.0,3.9,439,36,30,2025-02-25
iPhone 14,14,9000.0,4.1,27,43,18,2025-02-25
iPhone 14 Plus,14,9200.0,3.9,488,38,22,2025-02-25
iPhone 14 Pro,14,11000.0,3.7,411,42,22,2025-02-25
iPhone 14 Pro Max,14,12000.0,4.4,209,39,12,2025-02-25
iPhone 15,15,10000.0,4.1,407,32,24,2025-02-25
iPhone 15 Plus,15,10200.0,3.6,421,16,22,2025-02-25
iPhone 15 Pro,15,12500.0,3.3,215,26,17,2025-02-25
iPhone 15 Pro Max,15,14000.0,3.5,320,8,18,2025-02-25
iPhone 16,16,11000.0,4.6,226,5,20,2025-02-25
iPhone 16 Pro,16,14000.0,3.0,389,16,20,2025-02-25
iPhone 16 Pro Max,16,16000.0,4.0,459,14,31,2025-02-25
iPhone 17,17,12000.0,4.6,336,45,21,2025-02-25
iPhone 17 Pro,17,15500.0,4.4,261,43,17,2025-02-25
iPhone 17 Pro Max,17,18000.0,4.2,323,38,20,2025-02-25
iPhone X,X,5000.0,4.7,87,10,19,2025-02-26
iPhone XS,X,5200.0,3.4,223,26,26,2025-02-26
iPhone XS Max,X,5500.0,4.9,76,16,12,2025-02-26
iPhone 11,11,6000.0,3.5,331,8,19,2025-02-26
iPhone 11 Pro,11,7000.0,3.2,97,21,24,2025-02-26
iPhone 11 Pro Max,11,8000.0,4.4,402,31,16,2025-02-26
iPhone 12,12,7000.0,4.0,286,28,12,2025-02-26
iPhone 12 mini,12,6800.0,3.6,185,39,9,2025-02-26
iPhone 12 Pro,12,8500.0,3.5,117,29,22,2025-02-26
iPhone 12 Pro Max,12,9000.0,4.7,164,10,21,2025-02-26
iPhone 13,13,8000.0,4.4,241,39,16,2025-02-26
iPhone 13 mini,13,7800.0,3.4,483,26,23,2025-02-26
iPhone 13 Pro,13,9500.0,3.6,448,7,17,2025-02-26
iPhone 13 Pro Max,13,10000.0,4.5,93,43,11,2025-02-26
iPhone 14,14,9000.0,5.0,306,49,23,2025-02-26
iPhone 14 Plus,14,9200.0,3.3,49,20,20,2025-02-26
iPhone 14 Pro,14,11000.0,4.1,44,7,20,2025-02-26
iPhone 14 Pro Max,14,12000.0,4.4,126,14,11,2025-02-26
iPhone 15,15,10000.0,4.3,171,7,10,2025-02-26
iPhone 15 Plus,15,10200.0,3.4,425,24,19,2025-02-26
iPhone 15 Pro,15,12500.0,3.6,443,20,14,2025-02-26
iPhone 15 Pro Max,15,14000.0,4.9,404,10,19,2025-02-26
iPhone 16,16,11000.0,4.4,100,10,23,2025-02-26
iPhone 16 Pro,16,14000.0,4.3,344,33,18,2025-02-26
iPhone 16 Pro Max,16,16000.0,4.0,58,37,28,2025-02-26
iPhone 17,17,12000.0,3.1,175,41,7,2025-02-26
iPhone 17 Pro,17,15500.0,3.9,488,14,17,2025-02-26
iPhone 17 Pro Max,17,18000.0,5.0,96,37,11,2025-02-26
iPhone X,X,5000.0,3.2,367,39,35,2025-02-27
iPhone XS,X,5200.0,4.3,473,9,12,2025-02-27
iPhone XS Max,X,5500.0,4.3,190,43,22,2025-02-27
iPhone 11,11,6000.0,3.2,323,49,25,2025-02-27
iPhone 11 Pro,11,7000.0,3.1,137,11,17,2025-02-27
iPhone 11 Pro Max,11,8000.0,3.8,480,32,16,2025-02-27
iPhone 12,12,7000.0,4.2,408,36,16,2025-02-27
iPhone 12 mini,12,6800.0,4.5,358,43,21,2025-02-27
iPhone 12 Pro,12,8500.0,5.0,12,33,25,2025-02-27
iPhone 12 Pro Max,12,9000.0,4.7,232,42,24,2025-02-27
iPhone 13,13,8000.0,5.0,100,40,22,2025-02-27
iPhone 13 mini,13,7800.0,4.3,108,39,25,2025-02-27
iPhone 13 Pro,13,9500.0,4.3,112,5,19,2025-02-27
iPhone 13 Pro Max,13,10000.0,3.1,60,6,24,2025-02-27
iPhone 14,14,9000.0,4.7,457,14,19,2025-02-27
iPhone 14 Plus,14,9200.0,3.9,198,35,16,2025-02-27
iPhone 14 Pro,14,11000.0,4.3,85,40,16,2025-02-27
iPhone 14 Pro Max,14,12000.0,4.9,186,7,20,2025-02-27
iPhone 15,15,10000.0,4.0,227,25,26,2025-02-27
iPhone 15 Plus,15,10200.0,3.5,81,9,24,2025-02-27
iPhone 15 Pro,15,12500.0,3.3,132,20,20,2025-02-27
iPhone 15 Pro Max,15,14000.0,4.7,360,17,17,2025-02-27
iPhone 16,16,11000.0,3.9,320,47,21,2025-02-27
iPhone 16 Pro,16,14000.0,4.6,195,42,17,2025-02-27
iPhone 16 Pro Max,16,16000.0,4.7,404,12,21,2025-02-27
iPhone 17,17,12000.0,3.4,30,12,12,2025-02-27
iPhone 17 Pro,17,15500.0,4.8,456,25,18,2025-02-27
iPhone 17 Pro Max,17,18000.0,3.7,274,19,25,2025-02-27
iPhone X,X,5000.0,4.4,403,33,23,2025-02-28
iPhone XS,X,5200.0,3.4,46,26,21,2025-02-28
iPhone XS Max,X,5500.0,4.9,434,44,20,2025-02-28
iPhone 11,11,6000.0,3.2,168,18,14,2025-02-28
iPhone 11 Pro,11,7000.0,5.0,82,31,23,2025-02-28
iPhone 11 Pro Max,11,8000.0,4.2,224,33,26,2025-02-28
iPhone 12,12,7000.0,4.4,144,46,15,2025-02-28
iPhone 12 mini,12,6800.0,3.3,34,13,18,2025-02-28
iPhone 12 Pro,12,8500.0,4.7,138,27,14,2025-02-28
iPhone 12 Pro Max,12,9000.0,3.2,76,10,22,2025-02-28
iPhone 13,13,8000.0,4.2,335,6,21,2025-02-28
iPhone 13 mini,13,7800.0,4.6,159,41,17,2025-02-28
iPhone 13 Pro,13,9500.0,4.0,33,24,13,2025-02-28
iPhone 13 Pro Max,13,10000.0,4.9,125,49,25,2025-02-28
iPhone 14,14,9000.0,4.2,268,15,22,2025-02-28
iPhone 14 Plus,14,9200.0,3.1,342,5,13,2025-02-28
iPhone 14 Pro,14,11000.0,3.0,467,39,23,2025-02-28
iPhone 14 Pro Max,14,12000.0,3.5,216,20,16,2025-02-28
iPhone 15,15,10000.0,4.1,491,15,19,2025-02-28
iPhone 15 Plus,15,10200.0,4.8,334,39,26,2025-02-28
iPhone 15 Pro,15,12500.0,3.3,84,22,11,2025-02-28
iPhone 15 Pro Max,15,14000.0,4.8,170,41,18,2025-02-28
iPhone 16,16,11000.0,4.9,11,45,13,2025-02-28
iPhone 16 Pro,16,14000.0,4.1,126,40,22,2025-02-28
iPhone 16 Pro Max,16,16000.0,3.4,342,5,16,2025-02-28
iPhone 17,17,12000.0,4.6,45,29,19,2025-02-28
iPhone 17 Pro,17,15500.0,4.0,92,5,19,2025-02-28
iPhone 17 Pro Max,17,18000.0,3.9,118,41,15,2025-02-28
iPhone X,X,5000.0,3.2,173,8,26,2025-03-01
iPhone XS,X,5200.0,4.1,30,40,13,2025-03-01
iPhone XS Max,X,5500.0,4.4,112,43,22,2025-03-01
iPhone 11,11,6000.0,3.3,488,18,6,2025-03-01
iPhone 11 Pro,11,7000.0,3.7,11,18,14,2025-03-01
iPhone 11 Pro Max,11,8000.0,4.6,252,45,23,2025-03-01
iPhone 12,12,7000.0,4.6,238,22,27,2025-03-01
iPhone 12 mini,12,6800.0,3.9,256,16,13,2025-03-01
iPhone 12 Pro,12,8500.0,3.6,346,46,23,2025-03-01
iPhone 12 Pro Max,12,9000.0,4.9,371,13,19,2025-03-01
iPhone 13,13,8000.0,4.2,493,40,18,2025-03-01
iPhone 13 mini,13,7800.0,3.0,123,18,23,2025-03-01
iPhone 13 Pro,13,9500.0,3.7,399,46,19,2025-03-01
iPhone 13 Pro Max,13,10000.0,4.3,450,48,18,2025-03-01
iPhone 14,14,9000.0,4.8,84,18,24,2025-03-01
iPhone 14 Plus,14,9200.0,3.4,121,29,20,2025-03-01
iPhone 14 Pro,14,11000.0,4.6,470,8,28,2025-03-01
iPhone 14 Pro Max,14,12000.0,3.5,17,48,15,2025-03-01
iPhone 15,15,10000.0,4.5,398,9,17,2025-03-01
iPhone 15 Plus,15,10200.0,3.2,213,33,15,2025-03-01
iPhone 15 Pro,15,12500.0,4.6,194,34,18,2025-03-01
iPhone 15 Pro Max,15,14000.0,3.8,77,29,15,2025-03-01
iPhone 16,16,11000.0,4.4,240,48,26,2025-03-01
iPhone 16 Pro,16,14000.0,4.6,361,22,24,2025-03-01
iPhone 16 Pro Max,16,16000.0,3.6,78,46,25,2025-03-01
iPhone 17,17,12000.0,3.3,482,38,24,2025-03-01
iPhone 17 Pro,17,15500.0,4.3,80,10,11,2025-03-01
iPhone 17 Pro Max,17,18000.0,3.1,322,28,23,2025-03-01
iPhone X,X,5000.0,3.9,308,46,22,2025-03-02
iPhone XS,X,5200.0,3.5,363,30,24,2025-03-02
iPhone XS Max,X,5500.0,3.3,109,44,20,2025-03-02
iPhone 11,11,6000.0,3.6,487,47,18,2025-03-02
iPhone 11 Pro,11,7000.0,4.5,389,34,13,2025-03-02
iPhone 11 Pro Max,11,8000.0,4.9,285,44,20,2025-03-02
iPhone 12,12,7000.0,4.7,270,15,17,2025-03-02
iPhone 12 mini,12,6800.0,3.0,49,36,22,2025-03-02
iPhone 12 Pro,12,8500.0,4.2,199,23,18,2025-03-02
iPhone 12 Pro Max,12,9000.0,3.8,178,37,20,2025-03-02
iPhone 13,13,8000.0,3.9,476,37,23,2025-03-02
iPhone 13 mini,13,7800.0,4.2,21,12,17,2025-03-02
iPhone 13 Pro,13,9500.0,3.5,229,9,29,2025-03-02
iPhone 13 Pro Max,13,10000.0,4.5,421,37,27,2025-03-02
iPhone 14,14,9000.0,4.1,362,47,18,2025-03-02
iPhone 14 Plus,14,9200.0,4.8,214,43,20,2025-03-02
iPhone 14 Pro,14,11000.0,4.0,185,5,18,2025-03-02
iPhone 14 Pro Max,14,12000.0,4.7,59,42,16,2025-03-02
iPhone 15,15,10000.0,3.0,155,31,23,2025-03-02
iPhone 15 Plus,15,10200.0,3.2,455,33,27,2025-03-02
iPhone 15 Pro,15,12500.0,3.5,471,26,14,2025-03-02
iPhone 15 Pro Max,15,14000.0,4.9,407,26,4,2025-03-02
iPhone 16,16,11000.0,4.8,441,11,13,2025-03-02
iPhone 16 Pro,16,14000.0,3.6,18,19,19,2025-03-02
iPhone 16 Pro Max,16,16000.0,3.9,418,17,18,2025-03-02
iPhone 17,17,12000.0,3.1,452,10,15,2025-03-02
iPhone 17 Pro,17,15500.0,3.7,201,23,22,2025-03-02
iPhone 17 Pro Max,17,18000.0,3.5,103,8,14,2025-03-02
iPhone X,X,5000.0,4.6,100,32,24,2025-03-03
iPhone XS,X,5200.0,3.2,139,41,21,2025-03-03
iPhone XS Max,X,5500.0,3.5,441,28,27,2025-03-03
iPhone 11,11,6000.0,4.4,183,33,16,2025-03-03
iPhone 11 Pro,11,7000.0,3.5,152,35,13,2025-03-03
iPhone 11 Pro Max,11,8000.0,3.0,175,35,13,2025-03-03
iPhone 12,12,7000.0,4.7,291,33,22,2025-03-03
iPhone 12 mini,12,6800.0,4.2,330,7,17,2025-03-03
iPhone 12 Pro,12,8500.0,4.3,411,13,15,2025-03-03
iPhone 12 Pro Max,12,9000.0,3.2,292,46,21,2025-03-03
iPhone 13,13,8000.0,3.3,53,40,21,2025-03-03
iPhone 13 mini,13,7800.0,4.4,253,7,17,2025-03-03
iPhone 13 Pro,13,9500.0,4.7,213,6,22,2025-03-03
iPhone 13 Pro Max,13,10000.0,4.7,402,25,17,2025-03-03
iPhone 14,14,9000.0,4.9,108,31,20,2025-03-03
iPhone 14 Plus,14,9200.0,4.2,103,41,14,2025-03-03
iPhone 14 Pro,14,11000.0,5.0,453,35,11,2025-03-03
iPhone 14 Pro Max,14,12000.0,4.4,36,39,20,2025-03-03
iPhone 15,15,10000.0,3.1,110,25,21,2025-03-03
iPhone 15 Plus,15,10200.0,4.8,29,42,19,2025-03-03
iPhone 15 Pro,15,12500.0,4.3,34,6,16,2025-03-03
iPhone 15 Pro Max,15,14000.0,3.6,332,37,23,2025-03-03
iPhone 16,16,11000.0,4.1,270,17,22,2025-03-03
iPhone 16 Pro,16,14000.0,3.2,300,16,13,2025-03-03
iPhone 16 Pro Max,16,16000.0,4.5,491,26,21,2025-03-03
iPhone 17,17,12000.0,4.9,78,28,15,2025-03-03
iPhone 17 Pro,17,15500.0,4.5,170,12,30,2025-03-03
iPhone 17 Pro Max,17,18000.0,4.6,381,16,21,2025-03-03
iPhone X,X,5000.0,3.6,499,43,19,2025-03-04
iPhone XS,X,5200.0,3.9,497,27,20,2025-03-04
iPhone XS Max,X,5500.0,3.2,86,36,16,2025-03-04
iPhone 11,11,6000.0,4.3,223,20,23,2025-03-04
iPhone 11 Pro,11,7000.0,4.4,289,22,15,2025-03-04
iPhone 11 Pro Max,11,8000.0,3.9,483,22,21,2025-03-04
iPhone 12,12,7000.0,3.9,254,18,16,2025-03-04
iPhone 12 mini,12,6800.0,3.4,288,47,20,2025-03-04
iPhone 12 Pro,12,8500.0,4.9,407,33,25,2025-03-04
iPhone 12 Pro Max,12,9000.0,4.0,86,22,18,2025-03-04
iPhone 13,13,8000.0,4.0,247,37,18,2025-03-04
iPhone 13 mini,13,7800.0,3.7,198,21,25,2025-03-04
iPhone 13 Pro,13,9500.0,4.8,335,39,23,2025-03-04
iPhone 13 Pro Max,13,10000.0,4.1,339,14,31,2025-03-04
iPhone 14,14,9000.0,4.5,20,31,17,2025-03-04
iPhone 14 Plus,14,9200.0,3.9,378,20,22,2025-03-04
iPhone 14 Pro,14,11000.0,4.4,236,20,9,2025-03-04
iPhone 14 Pro Max,14,12000.0,3.9,187,47,23,2025-03-04
iPhone 15,15,10000.0,3.8,282,36,18,2025-03-04
iPhone 15 Plus,15,10200.0,4.5,75,13,12,2025-03-04
iPhone 15 Pro,15,12500.0,4.4,326,42,27,2025-03-04
iPhone 15 Pro Max,15,14000.0,3.7,266,41,17,2025-03-04
iPhone 16,16,11000.0,3.4,235,19,26,2025-03-04
iPhone 16 Pro,16,14000.0,4.4,208,35,19,2025-03-04
iPhone 16 Pro Max,16,16000.0,3.6,488,33,19,2025-03-04
iPhone 17,17,12000.0,4.0,265,28,19,2025-03-04
iPhone 17 Pro,17,15500.0,4.9,356,29,19,2025-03-04
iPhone 17 Pro Max,17,18000.0,3.3,46,30,19,2025-03-04
iPhone X,X,5000.0,4.0,236,12,24,2025-03-05
iPhone XS,X,5200.0,3.1,62,32,14,2025-03-05
iPhone XS Max,X,5500.0,3.0,456,15,22,2025-03-05
iPhone 11,11,6000.0,4.0,96,23,23,2025-03-05
iPhone 11 Pro,11,7000.0,3.3,424,47,26,2025-03-05
iPhone 11 Pro Max,11,8000.0,4.1,419,48,16,2025-03-05
iPhone 12,12,7000.0,3.0,280,8,16,2025-03-05
iPhone 12 mini,12,6800.0,4.7,380,15,21,2025-03-05
iPhone 12 Pro,12,8500.0,3.9,203,12,21,2025-03-05
iPhone 12 Pro Max,12,9000.0,3.3,59,18,21,2025-03-05
iPhone 13,13,8000.0,4.0,492,13,20,2025-03-05
iPhone 13 mini,13,7800.0,4.1,190,43,23,2025-03-05
iPhone 13 Pro,13,9500.0,3.1,421,15,16,2025-03-05
iPhone 13 Pro Max,13,10000.0,4.7,197,48,22,2025-03-05
iPhone 14,14,9000.0,3.0,160,17,12,2025-03-05
iPhone 14 Plus,14,9200.0,4.1,158,22,18,2025-03-05
iPhone 14 Pro,14,11000.0,3.1,252,21,20,2025-03-05
iPhone 14 Pro Max,14,12000.0,4.1,76,16,26,2025-03-05
iPhone 15,15,10000.0,3.3,246,6,24,2025-03-05
iPhone 15 Plus,15,10200.0,3.4,144,34,11,2025-03-05
iPhone 15 Pro,15,12500.0,4.9,437,34,22,2025-03-05
iPhone 15 Pro Max,15,14000.0,3.6,271,31,23,2025-03-05
iPhone 16,16,11000.0,3.3,238,28,20,2025-03-05
iPhone 16 Pro,16,14000.0,3.5,125,33,24,2025-03-05
iPhone 16 Pro Max,16,16000.0,4.9,388,22,25,2025-03-05
iPhone 17,17,12000.0,4.4,127,49,16,2025-03-05
iPhone 17 Pro,17,15500.0,4.4,397,31,20,2025-03-05
iPhone 17 Pro Max,17,18000.0,4.1,291,41,11,2025-03-05
iPhone X,X,5000.0,4.6,136,44,17,2025-03-06
iPhone XS,X,5200.0,3.2,471,42,14,2025-03-06
iPhone XS Max,X,5500.0,5.0,475,48,26,2025-03-06
iPhone 11,11,6000.0,4.8,332,48,10,2025-03-06
iPhone 11 Pro,11,7000.0,3.3,499,24,17,2025-03-06
iPhone 11 Pro Max,11,8000.0,3.8,480,11,14,2025-03-06
iPhone 12,12,7000.0,4.3,464,38,28,2025-03-06
iPhone 12 mini,12,6800.0,4.5,219,45,21,2025-03-06
iPhone 12 Pro,12,8500.0,3.3,243,29,17,2025-03-06
iPhone 12 Pro Max,12,9000.0,3.9,128,19,21,2025-03-06
iPhone 13,13,8000.0,3.7,113,14,25,2025-03-06
iPhone 13 mini,13,7800.0,4.2,222,18,9,2025-03-06
iPhone 13 Pro,13,9500.0,3.4,403,23,19,2025-03-06
iPhone 13 Pro Max,13,10000.0,4.9,468,6,20,2025-03-06
iPhone 14,14,9000.0,3.1,271,47,23,2025-03-06
iPhone 14 Plus,14,9200.0,4.9,267,13,18,2025-03-06
iPhone 14 Pro,14,11000.0,4.3,358,37,22,2025-03-06
iPhone 14 Pro Max,14,12000.0,4.2,15,48,26,2025-03-06
iPhone 15,15,10000.0,4.1,246,23,16,2025-03-06
iPhone 15 Plus,15,10200.0,3.8,49,36,20,2025-03-06
iPhone 15 Pro,15,12500.0,4.7,391,12,19,2025-03-06
iPhone 15 Pro Max,15,14000.0,3.3,428,11,22,2025-03-06
iPhone 16,16,11000.0,4.4,319,24,14,2025-03-06
iPhone 16 Pro,16,14000.0,4.3,439,28,25,2025-03-06
iPhone 16 Pro Max,16,16000.0,3.7,287,15,14,2025-03-06
iPhone 17,17,12000.0,4.1,430,31,22,2025-03-06
iPhone 17 Pro,17,15500.0,3.0,43,36,25,2025-03-06
iPhone 17 Pro Max,17,18000.0,4.8,375,20,21,2025-03-06
iPhone X,X,5000.0,3.6,298,33,10,2025-03-07
iPhone XS,X,5200.0,3.2,271,17,23,2025-03-07
iPhone XS Max,X,5500.0,4.1,322,12,15,2025-03-07
iPhone 11,11,6000.0,3.1,186,29,7,2025-03-07
iPhone 11 Pro,11,7000.0,4.4,127,40,11,2025-03-07
iPhone 11 Pro Max,11,8000.0,4.5,369,5,20,2025-03-07
iPhone 12,12,7000.0,3.4,397,34,16,2025-03-07
iPhone 12 mini,12,6800.0,4.3,367,47,21,2025-03-07
iPhone 12 Pro,12,8500.0,4.6,317,20,18,2025-03-07
iPhone 12 Pro Max,12,9000.0,4.4,67,33,25,2025-03-07
iPhone 13,13,8000.0,5.0,112,16,18,2025-03-07
iPhone 13 mini,13,7800.0,3.9,466,45,27,2025-03-07
iPhone 13 Pro,13,9500.0,4.8,342,40,30,2025-03-07
iPhone 13 Pro Max,13,10000.0,3.5,453,31,23,2025-03-07
iPhone 14,14,9000.0,4.3,241,19,13,2025-03-07
iPhone 14 Plus,14,9200.0,4.2,279,31,22,2025-03-07
iPhone 14 Pro,14,11000.0,4.1,94,49,21,2025-03-07
iPhone 14 Pro Max,14,12000.0,4.1,354,39,24,2025-03-07
iPhone 15,15,10000.0,4.8,336,42,21,2025-03-07
iPhone 15 Plus,15,10200.0,3.5,128,26,20,2025-03-07
iPhone 15 Pro,15,12500.0,3.2,474,31,15,2025-03-07
iPhone 15 Pro Max,15,14000.0,3.9,247,31,21,2025-03-07
iPhone 16,16,11000.0,3.7,416,46,28,2025-03-07
iPhone 16 Pro,16,14000.0,4.6,123,24,9,2025-03-07
iPhone 16 Pro Max,16,16000.0,4.9,217,23,17,2025-03-07
iPhone 17,17,12000.0,3.8,358,45,20,2025-03-07
iPhone 17 Pro,17,15500.0,4.5,424,48,17,2025-03-07
iPhone 17 Pro Max,17,18000.0,3.3,432,46,17,2025-03-07
iPhone X,X,5000.0,4.8,105,29,24,2025-03-08
iPhone XS,X,5200.0,3.5,245,47,23,2025-03-08
iPhone XS Max,X,5500.0,3.3,235,42,15,2025-03-08
iPhone 11,11,6000.0,4.5,153,12,20,2025-03-08
iPhone 11 Pro,11,7000.0,4.6,391,30,22,2025-03-08
iPhone 11 Pro Max,11,8000.0,3.5,130,16,16,2025-03-08
iPhone 12,12,7000.0,3.2,79,24,15,2025-03-08
iPhone 12 mini,12,6800.0,3.3,473,26,20,2025-03-08
iPhone 12 Pro,12,8500.0,3.0,388,24,20,2025-03-08
iPhone 12 Pro Max,12,9000.0,4.1,340,44,17,2025-03-08
iPhone 13,13,8000.0,3.9,132,48,10,2025-03-08
iPhone 13 mini,13,7800.0,4.8,144,29,16,2025-03-08
iPhone 13 Pro,13,9500.0,4.4,431,24,13,2025-03-08
iPhone 13 Pro Max,13,10000.0,4.4,282,14,15,2025-03-08
iPhone 14,14,9000.0,4.0,411,49,16,2025-03-08
iPhone 14 Plus,14,9200.0,4.9,237,27,20,2025-03-08
iPhone 14 Pro,14,11000.0,3.4,276,42,21,2025-03-08
iPhone 14 Pro Max,14,12000.0,4.3,493,41,27,2025-03-08
iPhone 15,15,10000.0,4.2,369,16,21,2025-03-08
iPhone 15 Plus,15,10200.0,4.0,329,23,15,2025-03-08
iPhone 15 Pro,15,12500.0,4.9,281,12,19,2025-03-08
iPhone 15 Pro Max,15,14000.0,4.7,186,16,11,2025-03-08
iPhone 16,16,11000.0,3.1,336,5,14,2025-03-08
iPhone 16 Pro,16,14000.0,4.8,320,29,9,2025-03-08
iPhone 16 Pro Max,16,16000.0,3.3,243,21,20,2025-03-08
iPhone 17,17,12000.0,5.0,289,15,22,2025-03-08
iPhone 17 Pro,17,15500.0,3.1,44,8,20,2025-03-08
iPhone 17 Pro Max,17,18000.0,4.7,499,41,20,2025-03-08
iPhone X,X,5000.0,3.1,89,37,21,2025-03-09
iPhone XS,X,5200.0,4.0,137,17,22,2025-03-09
iPhone XS Max,X,5500.0,4.5,368,19,28,2025-03-09
iPhone 11,11,6000.0,4.3,38,6,21,2025-03-09
iPhone 11 Pro,11,7000.0,4.9,432,17,21,2025-03-09
iPhone 11 Pro Max,11,8000.0,4.5,464,42,22,2025-03-09
iPhone 12,12,7000.0,3.7,238,6,17,2025-03-09
iPhone 12 mini,12,6800.0,3.7,35,11,18,2025-03-09
iPhone 12 Pro,12,8500.0,4.9,476,10,16,2025-03-09
iPhone 12 Pro Max,12,9000.0,4.4,333,10,19,2025-03-09
iPhone 13,13,8000.0,4.6,174,32,22,2025-03-09
iPhone 13 mini,13,7800.0,4.4,202,10,20,2025-03-09
iPhone 13 Pro,13,9500.0,3.3,101,15,21,2025-03-09
iPhone 13 Pro Max,13,10000.0,4.2,61,7,9,2025-03-09
iPhone 14,14,9000.0,4.5,215,35,17,2025-03-09
iPhone 14 Plus,14,9200.0,4.5,494,30,19,2025-03-09
iPhone 14 Pro,14,11000.0,3.5,95,29,28,2025-03-09
iPhone 14 Pro Max,14,12000.0,3.4,15,25,15,2025-03-09
iPhone 15,15,10000.0,4.1,494,29,21,2025-03-09
iPhone 15 Plus,15,10200.0,3.9,65,40,28,2025-03-09
iPhone 15 Pro,15,12500.0,4.3,55,20,23,2025-03-09
iPhone 15 Pro Max,15,14000.0,4.0,284,37,19,2025-03-09
iPhone 16,16,11000.0,4.8,95,14,15,2025-03-09
iPhone 16 Pro,16,14000.0,3.9,298,9,28,2025-03-09
iPhone 16 Pro Max,16,16000.0,3.4,420,18,15,2025-03-09
iPhone 17,17,12000.0,4.7,103,39,12,2025-03-09
iPhone 17 Pro,17,15500.0,3.5,471,16,21,2025-03-09
iPhone 17 Pro Max,17,18000.0,4.2,186,25,19,2025-03-09
iPhone X,X,5000.0,4.2,349,15,7,2025-03-10
iPhone XS,X,5200.0,3.5,389,10,30,2025-03-10
iPhone XS Max,X,5500.0,4.8,469,47,17,2025-03-10
iPhone 11,11,6000.0,4.3,443,26,20,2025-03-10
iPhone 11 Pro,11,7000.0,4.3,162,19,28,2025-03-10
iPhone 11 Pro Max,11,8000.0,3.2,262,10,20,2025-03-10
iPhone 12,12,7000.0,4.0,115,5,17,2025-03-10
iPhone 12 mini,12,6800.0,4.6,276,16,22,2025-03-10
iPhone 12 Pro,12,8500.0,4.1,48,11,14,2025-03-10
iPhone 12 Pro Max,12,9000.0,4.3,155,45,18,2025-03-10
iPhone 13,13,8000.0,4.3,161,13,20,2025-03-10
iPhone 13 mini,13,7800.0,3.2,197,6,24,2025-03-10
iPhone 13 Pro,13,9500.0,4.5,268,47,24,2025-03-10
iPhone 13 Pro Max,13,10000.0,3.5,280,49,19,2025-03-10
iPhone 14,14,9000.0,4.8,147,42,24,2025-03-10
iPhone 14 Plus,14,9200.0,3.2,411,22,22,2025-03-10
iPhone 14 Pro,14,11000.0,3.6,97,6,17,2025-03-10
iPhone 14 Pro Max,14,12000.0,3.5,431,34,12,2025-03-10
iPhone 15,15,10000.0,3.3,404,5,11,2025-03-10
iPhone 15 Plus,15,10200.0,3.7,157,27,30,2025-03-10
iPhone 15 Pro,15,12500.0,3.6,333,16,16,2025-03-10
iPhone 15 Pro Max,15,14000.0,3.3,362,28,22,2025-03-10
iPhone 16,16,11000.0,4.6,462,15,21,2025-03-10
iPhone 16 Pro,16,14000.0,3.5,35,6,24,2025-03-10
iPhone 16 Pro Max,16,16000.0,4.1,247,5,22,2025-03-10
iPhone 17,17,12000.0,3.6,174,21,18,2025-03-10
iPhone 17 Pro,17,15500.0,3.0,304,46,23,2025-03-10
iPhone 17 Pro Max,17,18000.0,3.1,196,46,9,2025-03-10
iPhone X,X,5000.0,3.4,440,46,21,2025-03-11
iPhone XS,X,5200.0,4.5,380,5,26,2025-03-11
iPhone XS Max,X,5500.0,3.7,131,46,22,2025-03-11
iPhone 11,11,6000.0,4.5,317,31,11,2025-03-11
iPhone 11 Pro,11,7000.0,3.6,299,5,20,2025-03-11
iPhone 11 Pro Max,11,8000.0,4.3,177,49,23,2025-03-11
iPhone 12,12,7000.0,3.2,114,26,17,2025-03-11
iPhone 12 mini,12,6800.0,3.0,143,23,18,2025-03-11
iPhone 12 Pro,12,8500.0,4.4,248,11,32,2025-03-11
iPhone 12 Pro Max,12,9000.0,4.8,496,23,15,2025-03-11
iPhone 13,13,8000.0,4.5,134,21,26,2025-03-11
iPhone 13 mini,13,7800.0,3.0,390,37,21,2025-03-11
iPhone 13 Pro,13,9500.0,4.7,248,24,14,2025-03-11
iPhone 13 Pro Max,13,10000.0,4.3,86,29,18,2025-03-11
iPhone 14,14,9000.0,3.4,262,28,20,2025-03-11
iPhone 14 Plus,14,9200.0,4.7,134,14,15,2025-03-11
iPhone 14 Pro,14,11000.0,5.0,94,13,11,2025-03-11
iPhone 14 Pro Max,14,12000.0,4.1,50,27,16,2025-03-11
iPhone 15,15,10000.0,3.2,416,48,26,2025-03-11
iPhone 15 Plus,15,10200.0,4.1,200,13,19,2025-03-11
iPhone 15 Pro,15,12500.0,3.6,314,37,18,2025-03-11
iPhone 15 Pro Max,15,14000.0,3.6,178,33,18,2025-03-11
iPhone 16,16,11000.0,4.1,173,40,12,2025-03-11
iPhone 16 Pro,16,14000.0,3.6,94,32,23,2025-03-11
iPhone 16 Pro Max,16,16000.0,4.6,217,26,26,2025-03-11
iPhone 17,17,12000.0,3.3,110,33,22,2025-03-11
iPhone 17 Pro,17,15500.0,3.6,19,46,18,2025-03-11
iPhone 17 Pro Max,17,18000.0,4.1,280,8,14,2025-03-11
iPhone X,X,5000.0,3.5,413,14,20,2025-03-12
iPhone XS,X,5200.0,3.8,275,24,25,2025-03-12
iPhone XS Max,X,5500.0,3.8,10,9,10,2025-03-12
iPhone 11,11,6000.0,4.9,118,47,18,2025-03-12
iPhone 11 Pro,11,7000.0,3.3,363,17,29,2025-03-12
iPhone 11 Pro Max,11,8000.0,3.7,326,35,25,2025-03-12
iPhone 12,12,7000.0,4.6,466,14,21,2025-03-12
iPhone 12 mini,12,6800.0,3.4,207,34,26,2025-03-12
iPhone 12 Pro,12,8500.0,3.1,468,24,20,2025-03-12
iPhone 12 Pro Max,12,9000.0,3.1,365,29,26,2025-03-12
iPhone 13,13,8000.0,4.2,479,27,23,2025-03-12
iPhone 13 mini,13,7800.0,3.5,359,6,24,2025-03-12
iPhone 13 Pro,13,9500.0,4.0,409,16,18,2025-03-12
iPhone 13 Pro Max,13,10000.0,3.6,339,9,25,2025-03-12
iPhone 14,14,9000.0,3.3,175,15,13,2025-03-12
iPhone 14 Plus,14,9200.0,4.2,343,8,9,2025-03-12
iPhone 14 Pro,14,11000.0,3.5,377,43,20,2025-03-12
iPhone 14 Pro Max,14,12000.0,3.0,328,33,20,2025-03-12
iPhone 15,15,10000.0,4.3,423,29,21,2025-03-12
iPhone 15 Plus,15,10200.0,3.1,287,29,23,2025-03-12
iPhone 15 Pro,15,12500.0,4.9,35,46,10,2025-03-12
iPhone 15 Pro Max,15,14000.0,3.8,331,6,21,2025-03-12
iPhone 16,16,11000.0,4.2,165,17,15,2025-03-12
iPhone 16 Pro,16,14000.0,4.2,191,38,20,2025-03-12
iPhone 16 Pro Max,16,16000.0,4.7,306,6,19,2025-03-12
iPhone 17,17,12000.0,4.4,430,45,13,2025-03-12
iPhone 17 Pro,17,15500.0,3.0,339,8,23,2025-03-12
iPhone 17 Pro Max,17,18000.0,4.9,47,16,19,2025-03-12
iPhone X,X,5000.0,3.7,473,39,4,2025-03-13
iPhone XS,X,5200.0,4.8,283,24,23,2025-03-13
iPhone XS Max,X,5500.0,3.8,427,35,16,2025-03-13
iPhone 11,11,6000.0,3.5,28,12,11,2025-03-13
iPhone 11 Pro,11,7000.0,3.1,232,7,23,2025-03-13
iPhone 11 Pro Max,11,8000.0,4.7,199,34,16,2025-03-13
iPhone 12,12,7000.0,3.8,174,36,16,2025-03-13
iPhone 12 mini,12,6800.0,3.6,212,12,16,2025-03-13
iPhone 12 Pro,12,8500.0,4.3,181,44,19,2025-03-13
iPhone 12 Pro Max,12,9000.0,4.7,333,15,20,2025-03-13
iPhone 13,13,8000.0,3.1,82,8,26,2025-03-13
iPhone 13 mini,13,7800.0,4.3,111,46,25,2025-03-13
iPhone 13 Pro,13,9500.0,3.2,485,23,19,2025-03-13
iPhone 13 Pro Max,13,10000.0,3.1,37,6,16,2025-03-13
iPhone 14,14,9000.0,4.0,479,17,21,2025-03-13
iPhone 14 Plus,14,9200.0,4.3,93,19,21,2025-03-13
iPhone 14 Pro,14,11000.0,4.1,410,28,18,2025-03-13
iPhone 14 Pro Max,14,12000.0,4.8,121,20,17,2025-03-13
iPhone 15,15,10000.0,4.5,233,47,19,2025-03-13
iPhone 15 Plus,15,10200.0,4.6,25,18,19,2025-03-13
iPhone 15 Pro,15,12500.0,4.1,186,47,9,2025-03-13
iPhone 15 Pro Max,15,14000.0,4.9,341,19,20,2025-03-13
iPhone 16,16,11000.0,4.7,101,27,17,2025-03-13
iPhone 16 Pro,16,14000.0,4.3,208,19,25,2025-03-13
iPhone 16 Pro Max,16,16000.0,3.4,55,42,24,2025-03-13
iPhone 17,17,12000.0,3.6,166,35,21,2025-03-13
iPhone 17 Pro,17,15500.0,3.8,61,28,23,2025-03-13
iPhone 17 Pro Max,17,18000.0,4.7,363,27,20,2025-03-13
iPhone X,X,5000.0,4.8,70,29,17,2025-03-14
iPhone XS,X,5200.0,4.7,326,19,25,2025-03-14
iPhone XS Max,X,5500.0,3.7,140,42,14,2025-03-14
iPhone 11,11,6000.0,4.4,496,5,8,2025-03-14
iPhone 11 Pro,11,7000.0,3.1,292,15,22,2025-03-14
iPhone 11 Pro Max,11,8000.0,3.7,358,19,23,2025-03-14
iPhone 12,12,7000.0,4.1,366,16,14,2025-03-14
iPhone 12 mini,12,6800.0,3.0,50,43,24,2025-03-14
iPhone 12 Pro,12,8500.0,4.2,32,27,18,2025-03-14
iPhone 12 Pro Max,12,9000.0,4.5,411,13,21,2025-03-14
iPhone 13,13,8000.0,4.4,320,49,20,2025-03-14
iPhone 13 mini,13,7800.0,4.2,161,40,18,2025-03-14
iPhone 13 Pro,13,9500.0,3.0,114,14,23,2025-03-14
iPhone 13 Pro Max,13,10000.0,3.9,468,16,13,2025-03-14
iPhone 14,14,9000.0,4.8,103,48,23,2025-03-14
iPhone 14 Plus,14,9200.0,4.0,210,29,12,2025-03-14
iPhone 14 Pro,14,11000.0,4.4,361,18,19,2025-03-14
iPhone 14 Pro Max,14,12000.0,4.8,398,45,12,2025-03-14
iPhone 15,15,10000.0,4.9,288,13,14,2025-03-14
iPhone 15 Plus,15,10200.0,4.6,23,5,19,2025-03-14
iPhone 15 Pro,15,12500.0,3.8,354,20,29,2025-03-14
iPhone 15 Pro Max,15,14000.0,3.9,408,23,15,2025-03-14
iPhone 16,16,11000.0,3.8,395,31,20,2025-03-14
iPhone 16 Pro,16,14000.0,3.0,32,8,24,2025-03-14
iPhone 16 Pro Max,16,16000.0,4.9,382,46,19,2025-03-14
iPhone 17,17,12000.0,3.5,381,19,20,2025-03-14
iPhone 17 Pro,17,15500.0,3.9,203,23,12,2025-03-14
iPhone 17 Pro Max,17,18000.0,3.2,453,13,24,2025-03-14
iPhone X,X,5000.0,4.8,37,5,18,2025-03-15
iPhone XS,X,5200.0,4.2,263,33,15,2025-03-15
iPhone XS Max,X,5500.0,3.1,303,43,12,2025-03-15
iPhone 11,11,6000.0,3.1,67,45,23,2025-03-15
iPhone 11 Pro,11,7000.0,3.5,262,43,15,2025-03-15
iPhone 11 Pro Max,11,8000.0,3.2,308,19,23,2025-03-15
iPhone 12,12,7000.0,3.3,110,16,23,2025-03-15
iPhone 12 mini,12,6800.0,4.8,326,44,28,2025-03-15
iPhone 12 Pro,12,8500.0,4.1,417,30,16,2025-03-15
iPhone 12 Pro Max,12,9000.0,3.6,71,47,19,2025-03-15
iPhone 13,13,8000.0,4.5,251,30,26,2025-03-15
iPhone 13 mini,13,7800.0,4.5,95,46,32,2025-03-15
iPhone 13 Pro,13,9500.0,4.8,374,13,23,2025-03-15
iPhone 13 Pro Max,13,10000.0,3.9,360,38,25,2025-03-15
iPhone 14,14,9000.0,4.9,172,19,16,2025-03-15
iPhone 14 Plus,14,9200.0,3.9,362,36,23,2025-03-15
iPhone 14 Pro,14,11000.0,4.5,234,32,23,2025-03-15
iPhone 14 Pro Max,14,12000.0,4.0,280,10,17,2025-03-15
iPhone 15,15,10000.0,3.6,366,24,16,2025-03-15
iPhone 15 Plus,15,10200.0,4.3,444,13,27,2025-03-15
iPhone 15 Pro,15,12500.0,4.2,318,10,15,2025-03-15
iPhone 15 Pro Max,15,14000.0,4.8,308,16,24,2025-03-15
iPhone 16,16,11000.0,3.7,158,31,16,2025-03-15
iPhone 16 Pro,16,14000.0,4.9,247,22,18,2025-03-15
iPhone 16 Pro Max,16,16000.0,3.4,499,33,17,2025-03-15
iPhone 17,17,12000.0,4.6,358,8,12,2025-03-15
iPhone 17 Pro,17,15500.0,3.5,488,7,11,2025-03-15
iPhone 17 Pro Max,17,18000.0,4.0,291,12,26,2025-03-15
iPhone X,X,5000.0,4.1,98,22,13,2025-03-16
iPhone XS,X,5200.0,4.6,205,45,20,2025-03-16
iPhone XS Max,X,5500.0,3.4,280,12,24,2025-03-16
iPhone 11,11,6000.0,4.3,368,14,15,2025-03-16
iPhone 11 Pro,11,7000.0,3.2,186,45,19,2025-03-16
iPhone 11 Pro Max,11,8000.0,3.9,220,35,10,2025-03-16
iPhone 12,12,7000.0,3.8,240,28,18,2025-03-16
iPhone 12 mini,12,6800.0,3.2,282,11,20,2025-03-16
iPhone 12 Pro,12,8500.0,4.8,258,19,17,2025-03-16
iPhone 12 Pro Max,12,9000.0,3.6,351,32,18,2025-03-16
iPhone 13,13,8000.0,4.9,82,46,19,2025-03-16
iPhone 13 mini,13,7800.0,3.9,133,14,19,2025-03-16
iPhone 13 Pro,13,9500.0,4.1,40,32,31,2025-03-16
iPhone 13 Pro Max,13,10000.0,4.7,451,29,17,2025-03-16
iPhone 14,14,9000.0,3.9,33,18,10,2025-03-16
iPhone 14 Plus,14,9200.0,3.1,100,43,21,2025-03-16
iPhone 14 Pro,14,11000.0,4.7,291,5,21,2025-03-16
iPhone 14 Pro Max,14,12000.0,4.8,315,26,21,2025-03-16
iPhone 15,15,10000.0,4.3,196,21,17,2025-03-16
iPhone 15 Plus,15,10200.0,3.5,79,5,28,2025-03-16
iPhone 15 Pro,15,12500.0,4.3,214,26,17,2025-03-16
iPhone 15 Pro Max,15,14000.0,4.0,440,9,13,2025-03-16
iPhone 16,16,11000.0,3.3,297,38,21,2025-03-16
iPhone 16 Pro,16,14000.0,3.9,406,5,17,2025-03-16
iPhone 16 Pro Max,16,16000.0,5.0,298,42,20,2025-03-16
iPhone 17,17,12000.0,4.6,66,12,25,2025-03-16
iPhone 17 Pro,17,15500.0,4.9,65,5,21,2025-03-16
iPhone 17 Pro Max,17,18000.0,4.1,458,29,19,2025-03-16
iPhone X,X,5000.0,4.3,499,46,21,2025-03-17
iPhone XS,X,5200.0,3.7,443,6,23,2025-03-17
iPhone XS Max,X,5500.0,4.6,154,40,27,2025-03-17
iPhone 11,11,6000.0,3.1,443,7,14,2025-03-17
iPhone 11 Pro,11,7000.0,4.4,59,8,14,2025-03-17
iPhone 11 Pro Max,11,8000.0,3.9,426,20,18,2025-03-17
iPhone 12,12,7000.0,3.5,157,42,15,2025-03-17
iPhone 12 mini,12,6800.0,3.6,210,26,21,2025-03-17
iPhone 12 Pro,12,8500.0,3.5,391,29,13,2025-03-17
iPhone 12 Pro Max,12,9000.0,4.6,223,14,17,2025-03-17
iPhone 13,13,8000.0,4.3,40,31,20,2025-03-17
iPhone 13 mini,13,7800.0,4.1,246,39,15,2025-03-17
iPhone 13 Pro,13,9500.0,4.0,55,25,24,2025-03-17
iPhone 13 Pro Max,13,10000.0,4.1,121,24,13,2025-03-17
iPhone 14,14,9000.0,3.8,319,21,11,2025-03-17
iPhone 14 Plus,14,9200.0,3.9,415,47,20,2025-03-17
iPhone 14 Pro,14,11000.0,4.6,292,41,21,2025-03-17
iPhone 14 Pro Max,14,12000.0,3.4,163,26,17,2025-03-17
iPhone 15,15,10000.0,4.4,72,32,29,2025-03-17
iPhone 15 Plus,15,10200.0,4.7,410,44,9,2025-03-17
iPhone 15 Pro,15,12500.0,3.7,454,13,13,2025-03-17
iPhone 15 Pro Max,15,14000.0,4.8,11,46,21,2025-03-17
iPhone 16,16,11000.0,4.3,436,46,14,2025-03-17
iPhone 16 Pro,16,14000.0,3.3,167,17,15,2025-03-17
iPhone 16 Pro Max,16,16000.0,4.2,402,23,13,2025-03-17
iPhone 17,17,12000.0,5.0,96,6,18,2025-03-17
iPhone 17 Pro,17,15500.0,4.4,212,35,17,2025-03-17
iPhone 17 Pro Max,17,18000.0,4.3,185,18,11,2025-03-17
iPhone X,X,5000.0,3.6,116,20,14,2025-03-18
iPhone XS,X,5200.0,3.1,104,16,24,2025-03-18
iPhone XS Max,X,5500.0,4.1,383,9,22,2025-03-18
iPhone 11,11,6000.0,4.0,225,21,33,2025-03-18
iPhone 11 Pro,11,7000.0,3.2,461,49,23,2025-03-18
iPhone 11 Pro Max,11,8000.0,4.0,347,47,17,2025-03-18
iPhone 12,12,7000.0,3.6,122,48,21,2025-03-18
iPhone 12 mini,12,6800.0,3.9,77,32,15,2025-03-18
iPhone 12 Pro,12,8500.0,3.8,60,8,28,2025-03-18
iPhone 12 Pro Max,12,9000.0,3.1,499,27,20,2025-03-18
iPhone 13,13,8000.0,3.6,300,35,21,2025-03-18
iPhone 13 mini,13,7800.0,4.0,476,33,21,2025-03-18
iPhone 13 Pro,13,9500.0,3.0,109,33,16,2025-03-18
iPhone 13 Pro Max,13,10000.0,3.3,228,37,21,2025-03-18
iPhone 14,14,9000.0,3.7,396,27,11,2025-03-18
iPhone 14 Plus,14,9200.0,4.3,180,35,21,2025-03-18
iPhone 14 Pro,14,11000.0,4.1,50,39,19,2025-03-18
iPhone 14 Pro Max,14,12000.0,3.2,256,7,30,2025-03-18
iPhone 15,15,10000.0,3.8,70,23,17,2025-03-18
iPhone 15 Plus,15,10200.0,4.8,362,17,20,2025-03-18
iPhone 15 Pro,15,12500.0,4.7,405,42,14,2025-03-18
iPhone 15 Pro Max,15,14000.0,3.7,168,20,25,2025-03-18
iPhone 16,16,11000.0,3.0,121,37,30,2025-03-18
iPhone 16 Pro,16,14000.0,3.0,488,17,19,2025-03-18
iPhone 16 Pro Max,16,16000.0,3.9,379,38,18,2025-03-18
iPhone 17,17,12000.0,4.4,406,37,21,2025-03-18
iPhone 17 Pro,17,15500.0,4.8,257,9,15,2025-03-18
iPhone 17 Pro Max,17,18000.0,3.5,105,11,22,2025-03-18
iPhone X,X,5000.0,4.0,122,32,19,2025-03-19
iPhone XS,X,5200.0,4.0,462,37,22,2025-03-19
iPhone XS Max,X,5500.0,3.6,303,38,23,2025-03-19
iPhone 11,11,6000.0,3.5,483,37,14,2025-03-19
iPhone 11 Pro,11,7000.0,4.9,285,20,21,2025-03-19
iPhone 11 Pro Max,11,8000.0,4.6,51,16,15,2025-03-19
iPhone 12,12,7000.0,4.5,338,7,25,2025-03-19
iPhone 12 mini,12,6800.0,4.3,25,28,15,2025-03-19
iPhone 12 Pro,12,8500.0,4.9,390,7,15,2025-03-19
iPhone 12 Pro Max,12,9000.0,4.7,395,11,24,2025-03-19
iPhone 13,13,8000.0,3.5,30,23,18,2025-03-19
iPhone 13 mini,13,7800.0,3.9,457,25,21,2025-03-19
iPhone 13 Pro,13,9500.0,4.6,477,12,11,2025-03-19
iPhone 13 Pro Max,13,10000.0,3.4,267,23,12,2025-03-19
iPhone 14,14,9000.0,4.2,499,45,16,2025-03-19
iPhone 14 Plus,14,9200.0,4.7,396,27,24,2025-03-19
iPhone 14 Pro,14,11000.0,4.9,163,40,20,2025-03-19
iPhone 14 Pro Max,14,12000.0,3.5,130,37,25,2025-03-19
iPhone 15,15,10000.0,4.1,13,26,26,2025-03-19
iPhone 15 Plus,15,10200.0,3.1,46,36,21,2025-03-19
iPhone 15 Pro,15,12500.0,3.7,40,16,25,2025-03-19
iPhone 15 Pro Max,15,14000.0,3.5,197,26,17,2025-03-19
iPhone 16,16,11000.0,3.2,125,24,27,2025-03-19
iPhone 16 Pro,16,14000.0,3.6,329,8,24,2025-03-19
iPhone 16 Pro Max,16,16000.0,4.2,134,47,21,2025-03-19
iPhone 17,17,12000.0,4.3,158,26,22,2025-03-19
iPhone 17 Pro,17,15500.0,3.0,466,31,29,2025-03-19
iPhone 17 Pro Max,17,18000.0,3.8,411,37,21,2025-03-19
iPhone X,X,5000.0,3.1,15,45,22,2025-03-20
iPhone XS,X,5200.0,4.8,347,5,23,2025-03-20
iPhone XS Max,X,5500.0,5.0,454,12,24,2025-03-20
iPhone 11,11,6000.0,3.4,382,35,13,2025-03-20
iPhone 11 Pro,11,7000.0,4.8,155,43,22,2025-03-20
iPhone 11 Pro Max,11,8000.0,3.7,144,18,14,2025-03-20
iPhone 12,12,7000.0,3.6,328,29,19,2025-03-20
iPhone 12 mini,12,6800.0,3.1,38,20,26,2025-03-20
iPhone 12 Pro,12,8500.0,3.1,238,31,25,2025-03-20
iPhone 12 Pro Max,12,9000.0,4.1,178,7,19,2025-03-20
iPhone 13,13,8000.0,4.4,386,26,23,2025-03-20
iPhone 13 mini,13,7800.0,3.9,443,33,21,2025-03-20
iPhone 13 Pro,13,9500.0,4.5,109,49,11,2025-03-20
iPhone 13 Pro Max,13,10000.0,5.0,151,7,24,2025-03-20
iPhone 14,14,9000.0,3.1,103,49,20,2025-03-20
iPhone 14 Plus,14,9200.0,4.8,342,20,14,2025-03-20
iPhone 14 Pro,14,11000.0,3.1,192,41,22,2025-03-20
iPhone 14 Pro Max,14,12000.0,4.0,109,13,15,2025-03-20
iPhone 15,15,10000.0,4.4,489,26,26,2025-03-20
iPhone 15 Plus,15,10200.0,4.6,277,8,21,2025-03-20
iPhone 15 Pro,15,12500.0,3.2,104,45,18,2025-03-20
iPhone 15 Pro Max,15,14000.0,4.2,78,9,20,2025-03-20
iPhone 16,16,11000.0,4.0,82,10,24,2025-03-20
iPhone 16 Pro,16,14000.0,4.4,409,41,13,2025-03-20
iPhone 16 Pro Max,16,16000.0,3.7,86,36,24,2025-03-20
iPhone 17,17,12000.0,4.1,385,40,20,2025-03-20
iPhone 17 Pro,17,15500.0,4.2,424,37,31,2025-03-20
iPhone 17 Pro Max,17,18000.0,4.0,358,34,23,2025-03-20
iPhone X,X,5000.0,4.5,340,47,14,2025-03-21
iPhone XS,X,5200.0,4.7,339,32,14,2025-03-21
iPhone XS Max,X,5500.0,4.8,156,7,23,2025-03-21
iPhone 11,11,6000.0,4.4,124,49,20,2025-03-21
iPhone 11 Pro,11,7000.0,4.4,173,37,23,2025-03-21
iPhone 11 Pro Max,11,8000.0,3.7,461,43,26,2025-03-21
iPhone 12,12,7000.0,3.1,184,8,18,2025-03-21
iPhone 12 mini,12,6800.0,3.2,86,18,19,2025-03-21
iPhone 12 Pro,12,8500.0,3.9,311,14,21,2025-03-21
iPhone 12 Pro Max,12,9000.0,4.1,28,5,19,2025-03-21
iPhone 13,13,8000.0,3.0,31,33,28,2025-03-21
iPhone 13 mini,13,7800.0,3.9,197,12,16,2025-03-21
iPhone 13 Pro,13,9500.0,3.4,340,12,12,2025-03-21
iPhone 13 Pro Max,13,10000.0,4.7,254,25,14,2025-03-21
iPhone 14,14,9000.0,4.0,412,32,14,2025-03-21
iPhone 14 Plus,14,9200.0,4.3,65,30,21,2025-03-21
iPhone 14 Pro,14,11000.0,4.6,188,36,15,2025-03-21
iPhone 14 Pro Max,14,12000.0,3.1,198,6,9,2025-03-21
iPhone 15,15,10000.0,4.8,429,16,16,2025-03-21
iPhone 15 Plus,15,10200.0,3.9,426,46,21,2025-03-21
iPhone 15 Pro,15,12500.0,4.5,479,29,22,2025-03-21
iPhone 15 Pro Max,15,14000.0,3.2,128,47,13,2025-03-21
iPhone 16,16,11000.0,4.4,66,11,12,2025-03-21
iPhone 16 Pro,16,14000.0,3.8,450,17,24,2025-03-21
iPhone 16 Pro Max,16,16000.0,4.4,327,33,17,2025-03-21
iPhone 17,17,12000.0,4.8,172,14,23,2025-03-21
iPhone 17 Pro,17,15500.0,3.7,80,39,23,2025-03-21
iPhone 17 Pro Max,17,18000.0,4.3,237,29,19,2025-03-21
iPhone X,X,5000.0,4.3,440,44,16,2025-03-22
iPhone XS,X,5200.0,4.7,406,25,12,2025-03-22
iPhone XS Max,X,5500.0,4.2,412,37,29,2025-03-22
iPhone 11,11,6000.0,4.5,236,32,15,2025-03-22
iPhone 11 Pro,11,7000.0,4.9,448,48,17,2025-03-22
iPhone 11 Pro Max,11,8000.0,4.6,462,45,15,2025-03-22
iPhone 12,12,7000.0,4.3,184,16,20,2025-03-22
iPhone 12 mini,12,6800.0,4.7,419,43,11,2025-03-22
iPhone 12 Pro,12,8500.0,3.1,325,22,12,2025-03-22
iPhone 12 Pro Max,12,9000.0,4.0,389,6,18,2025-03-22
iPhone 13,13,8000.0,4.9,454,47,10,2025-03-22
iPhone 13 mini,13,7800.0,3.8,176,11,24,2025-03-22
iPhone 13 Pro,13,9500.0,4.5,254,39,23,2025-03-22
iPhone 13 Pro Max,13,10000.0,3.2,169,24,10,2025-03-22
iPhone 14,14,9000.0,3.8,397,42,30,2025-03-22
iPhone 14 Plus,14,9200.0,3.4,95,21,21,2025-03-22
iPhone 14 Pro,14,11000.0,3.9,114,39,16,2025-03-22
iPhone 14 Pro Max,14,12000.0,3.9,120,17,19,2025-03-22
iPhone 15,15,10000.0,4.2,316,20,21,2025-03-22
iPhone 15 Plus,15,10200.0,3.5,69,44,15,2025-03-22
iPhone 15 Pro,15,12500.0,4.0,174,6,10,2025-03-22
iPhone 15 Pro Max,15,14000.0,4.3,116,35,27,2025-03-22
iPhone 16,16,11000.0,3.4,390,48,11,2025-03-22
iPhone 16 Pro,16,14000.0,3.4,379,22,13,2025-03-22
iPhone 16 Pro Max,16,16000.0,5.0,466,11,26,2025-03-22
iPhone 17,17,12000.0,4.5,305,7,22,2025-03-22
iPhone 17 Pro,17,15500.0,4.2,472,33,14,2025-03-22
iPhone 17 Pro Max,17,18000.0,4.3,253,10,27,2025-03-22
iPhone X,X,5000.0,3.1,404,30,24,2025-03-23
iPhone XS,X,5200.0,3.2,428,20,20,2025-03-23
iPhone XS Max,X,5500.0,3.8,155,41,14,2025-03-23
iPhone 11,11,6000.0,4.0,256,39,18,2025-03-23
iPhone 11 Pro,11,7000.0,3.9,44,32,12,2025-03-23
iPhone 11 Pro Max,11,8000.0,3.8,106,23,11,2025-03-23
iPhone 12,12,7000.0,3.5,342,48,19,2025-03-23
iPhone 12 mini,12,6800.0,3.6,224,32,18,2025-03-23
iPhone 12 Pro,12,8500.0,4.0,244,42,17,2025-03-23
iPhone 12 Pro Max,12,9000.0,4.4,58,36,28,2025-03-23
iPhone 13,13,8000.0,4.5,35,27,30,2025-03-23
iPhone 13 mini,13,7800.0,3.2,336,16,17,2025-03-23
iPhone 13 Pro,13,9500.0,4.9,383,24,14,2025-03-23
iPhone 13 Pro Max,13,10000.0,4.3,379,31,14,2025-03-23
iPhone 14,14,9000.0,4.3,177,37,21,2025-03-23
iPhone 14 Plus,14,9200.0,3.6,385,19,17,2025-03-23
iPhone 14 Pro,14,11000.0,3.5,448,23,33,2025-03-23
iPhone 14 Pro Max,14,12000.0,3.7,473,28,21,2025-03-23
iPhone 15,15,10000.0,3.7,275,45,17,2025-03-23
iPhone 15 Plus,15,10200.0,4.8,182,34,18,2025-03-23
iPhone 15 Pro,15,12500.0,5.0,467,23,20,2025-03-23
iPhone 15 Pro Max,15,14000.0,3.1,140,42,16,2025-03-23
iPhone 16,16,11000.0,4.1,459,35,18,2025-03-23
iPhone 16 Pro,16,14000.0,3.1,208,40,21,2025-03-23
iPhone 16 Pro Max,16,16000.0,3.6,253,43,31,2025-03-23
iPhone 17,17,12000.0,3.1,486,34,16,2025-03-23
iPhone 17 Pro,17,15500.0,4.2,220,30,19,2025-03-23
iPhone 17 Pro Max,17,18000.0,3.5,268,47,19,2025-03-23
iPhone X,X,5000.0,4.8,58,13,24,2025-03-24
iPhone XS,X,5200.0,4.4,136,9,24,2025-03-24
iPhone XS Max,X,5500.0,3.4,100,31,18,2025-03-24
iPhone 11,11,6000.0,4.6,200,33,12,2025-03-24
iPhone 11 Pro,11,7000.0,3.9,447,12,22,2025-03-24
iPhone 11 Pro Max,11,8000.0,3.5,213,15,24,2025-03-24
iPhone 12,12,7000.0,3.6,434,6,15,2025-03-24
iPhone 12 mini,12,6800.0,3.9,258,24,16,2025-03-24
iPhone 12 Pro,12,8500.0,4.5,475,46,18,2025-03-24
iPhone 12 Pro Max,12,9000.0,3.1,285,49,15,2025-03-24
iPhone 13,13,8000.0,3.2,296,31,20,2025-03-24
iPhone 13 mini,13,7800.0,4.7,237,39,17,2025-03-24
iPhone 13 Pro,13,9500.0,4.0,137,12,31,2025-03-24
iPhone 13 Pro Max,13,10000.0,3.9,30,46,17,2025-03-24
iPhone 14,14,9000.0,4.0,140,36,18,2025-03-24
iPhone 14 Plus,14,9200.0,3.5,439,38,26,2025-03-24
iPhone 14 Pro,14,11000.0,4.7,70,12,12,2025-03-24
iPhone 14 Pro Max,14,12000.0,4.6,482,25,27,2025-03-24
iPhone 15,15,10000.0,3.2,91,28,17,2025-03-24
iPhone 15 Plus,15,10200.0,4.9,154,5,24,2025-03-24
iPhone 15 Pro,15,12500.0,3.5,123,30,17,2025-03-24
iPhone 15 Pro Max,15,14000.0,3.2,312,35,29,2025-03-24
iPhone 16,16,11000.0,3.1,465,16,24,2025-03-24
iPhone 16 Pro,16,14000.0,3.8,335,12,23,2025-03-24
iPhone 16 Pro Max,16,16000.0,3.5,482,26,30,2025-03-24
iPhone 17,17,12000.0,3.5,135,25,24,2025-03-24
iPhone 17 Pro,17,15500.0,4.9,114,6,9,2025-03-24
iPhone 17 Pro Max,17,18000.0,3.9,259,27,18,2025-03-24
iPhone X,X,5000.0,3.9,299,37,24,2025-03-25
iPhone XS,X,5200.0,4.7,479,38,25,2025-03-25
iPhone XS Max,X,5500.0,4.5,275,19,26,2025-03-25
iPhone 11,11,6000.0,4.5,466,20,16,2025-03-25
iPhone 11 Pro,11,7000.0,3.9,316,37,25,2025-03-25
iPhone 11 Pro Max,11,8000.0,3.5,255,26,18,2025-03-25
iPhone 12,12,7000.0,3.7,381,33,20,2025-03-25
iPhone 12 mini,12,6800.0,4.8,317,14,22,2025-03-25
iPhone 12 Pro,12,8500.0,3.4,263,5,23,2025-03-25
iPhone 12 Pro Max,12,9000.0,4.5,354,12,16,2025-03-25
iPhone 13,13,8000.0,4.9,165,11,19,2025-03-25
iPhone 13 mini,13,7800.0,3.4,355,18,22,2025-03-25
iPhone 13 Pro,13,9500.0,3.3,447,47,19,2025-03-25
iPhone 13 Pro Max,13,10000.0,3.7,75,43,18,2025-03-25
iPhone 14,14,9000.0,3.6,412,20,26,2025-03-25
iPhone 14 Plus,14,9200.0,5.0,94,15,22,2025-03-25
iPhone 14 Pro,14,11000.0,5.0,333,29,16,2025-03-25
iPhone 14 Pro Max,14,12000.0,3.5,386,40,18,2025-03-25
iPhone 15,15,10000.0,3.5,402,16,21,2025-03-25
iPhone 15 Plus,15,10200.0,3.7,351,9,20,2025-03-25
iPhone 15 Pro,15,12500.0,3.6,262,13,15,2025-03-25
iPhone 15 Pro Max,15,14000.0,4.8,134,46,28,2025-03-25
iPhone 16,16,11000.0,3.8,275,10,28,2025-03-25
iPhone 16 Pro,16,14000.0,3.2,388,29,22,2025-03-25
iPhone 16 Pro Max,16,16000.0,3.5,443,8,17,2025-03-25
iPhone 17,17,12000.0,4.4,429,10,22,2025-03-25
iPhone 17 Pro,17,15500.0,3.8,281,23,18,2025-03-25
iPhone 17 Pro Max,17,18000.0,4.0,184,34,14,2025-03-25
iPhone X,X,5000.0,3.7,192,35,16,2025-03-26
iPhone XS,X,5200.0,3.4,77,32,29,2025-03-26
iPhone XS Max,X,5500.0,4.6,369,23,24,2025-03-26
iPhone 11,11,6000.0,3.6,17,37,13,2025-03-26
iPhone 11 Pro,11,7000.0,4.5,350,28,17,2025-03-26
iPhone 11 Pro Max,11,8000.0,4.9,131,14,17,2025-03-26
iPhone 12,12,7000.0,3.0,335,21,16,2025-03-26
iPhone 12 mini,12,6800.0,3.5,383,20,21,2025-03-26
iPhone 12 Pro,12,8500.0,4.5,214,33,23,2025-03-26
iPhone 12 Pro Max,12,9000.0,4.4,388,39,29,2025-03-26
iPhone 13,13,8000.0,4.9,174,17,27,2025-03-26
iPhone 13 mini,13,7800.0,3.9,10,29,17,2025-03-26
iPhone 13 Pro,13,9500.0,3.6,275,24,21,2025-03-26
iPhone 13 Pro Max,13,10000.0,3.7,291,23,22,2025-03-26
iPhone 14,14,9000.0,3.6,277,25,23,2025-03-26
iPhone 14 Plus,14,9200.0,3.4,272,49,21,2025-03-26
iPhone 14 Pro,14,11000.0,4.8,458,30,9,2025-03-26
iPhone 14 Pro Max,14,12000.0,3.3,95,10,23,2025-03-26
iPhone 15,15,10000.0,3.0,353,25,9,2025-03-26
iPhone 15 Plus,15,10200.0,3.2,361,36,21,2025-03-26
iPhone 15 Pro,15,12500.0,3.5,78,8,25,2025-03-26
iPhone 15 Pro Max,15,14000.0,4.5,327,19,13,2025-03-26
iPhone 16,16,11000.0,4.3,302,41,23,2025-03-26
iPhone 16 Pro,16,14000.0,4.6,389,32,20,2025-03-26
iPhone 16 Pro Max,16,16000.0,5.0,283,40,25,2025-03-26
iPhone 17,17,12000.0,3.5,433,11,18,2025-03-26
iPhone 17 Pro,17,15500.0,4.2,137,35,24,2025-03-26
iPhone 17 Pro Max,17,18000.0,3.1,220,14,19,2025-03-26
iPhone X,X,5000.0,4.3,413,41,27,2025-03-27
iPhone XS,X,5200.0,3.7,343,15,24,2025-03-27
iPhone XS Max,X,5500.0,3.1,211,33,28,2025-03-27
iPhone 11,11,6000.0,4.0,104,21,20,2025-03-27
iPhone 11 Pro,11,7000.0,3.8,362,38,18,2025-03-27
iPhone 11 Pro Max,11,8000.0,4.2,148,16,24,2025-03-27
iPhone 12,12,7000.0,4.8,307,17,19,2025-03-27
iPhone 12 mini,12,6800.0,3.9,173,32,24,2025-03-27
iPhone 12 Pro,12,8500.0,3.2,46,16,15,2025-03-27
iPhone 12 Pro Max,12,9000.0,3.0,115,13,23,2025-03-27
iPhone 13,13,8000.0,4.0,351,9,17,2025-03-27
iPhone 13 mini,13,7800.0,3.8,204,27,14,2025-03-27
iPhone 13 Pro,13,9500.0,4.0,91,30,20,2025-03-27
iPhone 13 Pro Max,13,10000.0,3.8,352,7,18,2025-03-27
iPhone 14,14,9000.0,4.7,484,48,17,2025-03-27
iPhone 14 Plus,14,9200.0,4.1,430,34,14,2025-03-27
iPhone 14 Pro,14,11000.0,3.4,446,20,22,2025-03-27
iPhone 14 Pro Max,14,12000.0,4.8,71,10,28,2025-03-27
iPhone 15,15,10000.0,3.9,254,49,10,2025-03-27
iPhone 15 Plus,15,10200.0,3.6,481,15,26,2025-03-27
iPhone 15 Pro,15,12500.0,3.7,350,30,21,2025-03-27
iPhone 15 Pro Max,15,14000.0,3.4,256,30,26,2025-03-27
iPhone 16,16,11000.0,4.9,40,10,19,2025-03-27
iPhone 16 Pro,16,14000.0,4.3,407,20,17,2025-03-27
iPhone 16 Pro Max,16,16000.0,3.1,338,14,13,2025-03-27
iPhone 17,17,12000.0,3.6,244,45,21,2025-03-27
iPhone 17 Pro,17,15500.0,4.1,463,29,27,2025-03-27
iPhone 17 Pro Max,17,18000.0,4.3,434,32,24,2025-03-27
iPhone X,X,5000.0,4.7,80,26,19,2025-03-28
iPhone XS,X,5200.0,4.4,194,19,16,2025-03-28
iPhone XS Max,X,5500.0,4.1,251,34,14,2025-03-28
iPhone 11,11,6000.0,4.0,432,12,15,2025-03-28
iPhone 11 Pro,11,7000.0,3.7,86,49,16,2025-03-28
iPhone 11 Pro Max,11,8000.0,4.7,424,32,20,2025-03-28
iPhone 12,12,7000.0,4.3,101,17,15,2025-03-28
iPhone 12 mini,12,6800.0,4.2,399,28,20,2025-03-28
iPhone 12 Pro,12,8500.0,4.9,237,13,20,2025-03-28
iPhone 12 Pro Max,12,9000.0,3.7,230,28,16,2025-03-28
iPhone 13,13,8000.0,4.6,334,46,20,2025-03-28
iPhone 13 mini,13,7800.0,3.7,166,10,20,2025-03-28
iPhone 13 Pro,13,9500.0,3.0,62,22,8,2025-03-28
iPhone 13 Pro Max,13,10000.0,3.9,252,48,20,2025-03-28
iPhone 14,14,9000.0,3.7,224,31,21,2025-03-28
iPhone 14 Plus,14,9200.0,4.5,140,36,27,2025-03-28
iPhone 14 Pro,14,11000.0,4.1,151,36,19,2025-03-28
iPhone 14 Pro Max,14,12000.0,4.6,177,9,24,2025-03-28
iPhone 15,15,10000.0,3.0,217,5,6,2025-03-28
iPhone 15 Plus,15,10200.0,3.4,237,31,19,2025-03-28
iPhone 15 Pro,15,12500.0,4.3,216,31,22,2025-03-28
iPhone 15 Pro Max,15,14000.0,3.8,198,48,14,2025-03-28
iPhone 16,16,11000.0,4.4,439,18,23,2025-03-28
iPhone 16 Pro,16,14000.0,3.2,392,17,25,2025-03-28
iPhone 16 Pro Max,16,16000.0,4.9,65,19,13,2025-03-28
iPhone 17,17,12000.0,4.9,17,33,27,2025-03-28
iPhone 17 Pro,17,15500.0,4.9,232,44,24,2025-03-28
iPhone 17 Pro Max,17,18000.0,5.0,487,43,16,2025-03-28
iPhone X,X,5000.0,3.6,184,20,24,2025-03-29
iPhone XS,X,5200.0,4.0,496,33,25,2025-03-29
iPhone XS Max,X,5500.0,3.0,86,13,11,2025-03-29
iPhone 11,11,6000.0,3.1,366,11,16,2025-03-29
iPhone 11 Pro,11,7000.0,4.5,498,18,20,2025-03-29
iPhone 11 Pro Max,11,8000.0,4.9,391,31,20,2025-03-29
iPhone 12,12,7000.0,3.6,171,8,14,2025-03-29
iPhone 12 mini,12,6800.0,3.0,268,48,18,2025-03-29
iPhone 12 Pro,12,8500.0,4.1,104,20,23,2025-03-29
iPhone 12 Pro Max,12,9000.0,3.6,350,15,20,2025-03-29
iPhone 13,13,8000.0,4.4,179,43,14,2025-03-29
iPhone 13 mini,13,7800.0,4.9,347,39,15,2025-03-29
iPhone 13 Pro,13,9500.0,3.9,334,17,8,2025-03-29
iPhone 13 Pro Max,13,10000.0,3.3,143,11,13,2025-03-29
iPhone 14,14,9000.0,4.1,17,13,8,2025-03-29
iPhone 14 Plus,14,9200.0,4.2,34,43,23,2025-03-29
iPhone 14 Pro,14,11000.0,3.2,428,47,21,2025-03-29
iPhone 14 Pro Max,14,12000.0,3.6,326,18,27,2025-03-29
iPhone 15,15,10000.0,4.8,93,38,21,2025-03-29
iPhone 15 Plus,15,10200.0,4.3,295,28,24,2025-03-29
iPhone 15 Pro,15,12500.0,4.3,16,40,27,2025-03-29
iPhone 15 Pro Max,15,14000.0,3.7,405,33,20,2025-03-29
iPhone 16,16,11000.0,3.2,152,33,21,2025-03-29
iPhone 16 Pro,16,14000.0,3.8,23,46,16,2025-03-29
iPhone 16 Pro Max,16,16000.0,4.4,24,46,27,2025-03-29
iPhone 17,17,12000.0,4.7,318,13,22,2025-03-29
iPhone 17 Pro,17,15500.0,4.3,129,47,17,2025-03-29
iPhone 17 Pro Max,17,18000.0,4.0,142,15,18,2025-03-29
iPhone X,X,5000.0,3.4,229,20,13,2025-03-30
iPhone XS,X,5200.0,3.4,204,25,18,2025-03-30
iPhone XS Max,X,5500.0,3.5,254,22,13,2025-03-30
iPhone 11,11,6000.0,3.4,91,23,24,2025-03-30
iPhone 11 Pro,11,7000.0,3.6,109,35,10,2025-03-30
iPhone 11 Pro Max,11,8000.0,4.7,114,45,8,2025-03-30
iPhone 12,12,7000.0,4.0,184,7,24,2025-03-30
iPhone 12 mini,12,6800.0,4.5,260,15,19,2025-03-30
iPhone 12 Pro,12,8500.0,4.1,18,21,30,2025-03-30
iPhone 12 Pro Max,12,9000.0,3.8,424,30,21,2025-03-30
iPhone 13,13,8000.0,4.7,275,12,8,2025-03-30
iPhone 13 mini,13,7800.0,4.4,114,14,14,2025-03-30
iPhone 13 Pro,13,9500.0,4.8,56,27,18,2025-03-30
iPhone 13 Pro Max,13,10000.0,4.9,149,30,18,2025-03-30
iPhone 14,14,9000.0,3.2,280,5,21,2025-03-30
iPhone 14 Plus,14,9200.0,5.0,155,38,25,2025-03-30
iPhone 14 Pro,14,11000.0,4.6,98,30,24,2025-03-30
iPhone 14 Pro Max,14,12000.0,4.3,287,33,14,2025-03-30
iPhone 15,15,10000.0,3.1,137,49,24,2025-03-30
iPhone 15 Plus,15,10200.0,4.6,403,31,16,2025-03-30
iPhone 15 Pro,15,12500.0,4.2,120,30,18,2025-03-30
iPhone 15 Pro Max,15,14000.0,3.6,22,13,26,2025-03-30
iPhone 16,16,11000.0,4.1,107,41,20,2025-03-30
iPhone 16 Pro,16,14000.0,3.8,158,15,23,2025-03-30
iPhone 16 Pro Max,16,16000.0,4.5,195,48,14,2025-03-30
iPhone 17,17,12000.0,3.9,141,30,19,2025-03-30
iPhone 17 Pro,17,15500.0,3.3,118,6,10,2025-03-30
iPhone 17 Pro Max,17,18000.0,3.1,252,12,12,2025-03-30
iPhone X,X,5000.0,4.9,460,42,22,2025-03-31
iPhone XS,X,5200.0,3.1,476,32,14,2025-03-31
iPhone XS Max,X,5500.0,3.4,184,8,17,2025-03-31
iPhone 11,11,6000.0,3.3,40,14,20,2025-03-31
iPhone 11 Pro,11,7000.0,4.2,346,32,24,2025-03-31
iPhone 11 Pro Max,11,8000.0,5.0,52,15,18,2025-03-31
iPhone 12,12,7000.0,4.8,410,32,29,2025-03-31
iPhone 12 mini,12,6800.0,3.6,48,38,14,2025-03-31
iPhone 12 Pro,12,8500.0,4.0,179,44,17,2025-03-31
iPhone 12 Pro Max,12,9000.0,4.8,341,39,19,2025-03-31
iPhone 13,13,8000.0,3.9,242,14,26,2025-03-31
iPhone 13 mini,13,7800.0,4.3,117,41,22,2025-03-31
iPhone 13 Pro,13,9500.0,4.8,201,19,14,2025-03-31
iPhone 13 Pro Max,13,10000.0,4.3,373,38,23,2025-03-31
iPhone 14,14,9000.0,4.3,126,39,29,2025-03-31
iPhone 14 Plus,14,9200.0,4.8,354,40,21,2025-03-31
iPhone 14 Pro,14,11000.0,3.6,414,6,17,2025-03-31
iPhone 14 Pro Max,14,12000.0,4.7,21,28,13,2025-03-31
iPhone 15,15,10000.0,3.7,197,15,22,2025-03-31
iPhone 15 Plus,15,10200.0,3.5,457,24,16,2025-03-31
iPhone 15 Pro,15,12500.0,3.8,80,18,16,2025-03-31
iPhone 15 Pro Max,15,14000.0,3.2,222,32,19,2025-03-31
iPhone 16,16,11000.0,3.3,311,19,20,2025-03-31
iPhone 16 Pro,16,14000.0,4.0,317,40,16,2025-03-31
iPhone 16 Pro Max,16,16000.0,3.2,76,23,13,2025-03-31
iPhone 17,17,12000.0,3.5,343,32,22,2025-03-31
iPhone 17 Pro,17,15500.0,4.9,467,7,16,2025-03-31
iPhone 17 Pro Max,17,18000.0,3.4,313,43,14,2025-03-31
iPhone X,X,5000.0,3.0,30,34,24,2025-04-01
iPhone XS,X,5200.0,3.3,159,25,20,2025-04-01
iPhone XS Max,X,5500.0,4.6,86,25,14,2025-04-01
iPhone 11,11,6000.0,3.5,496,26,18,2025-04-01
iPhone 11 Pro,11,7000.0,3.8,15,20,16,2025-04-01
iPhone 11 Pro Max,11,8000.0,3.3,61,30,25,2025-04-01
iPhone 12,12,7000.0,3.3,38,23,18,2025-04-01
iPhone 12 mini,12,6800.0,3.2,488,39,19,2025-04-01
iPhone 12 Pro,12,8500.0,4.3,270,20,17,2025-04-01
iPhone 12 Pro Max,12,9000.0,3.8,203,24,28,2025-04-01
iPhone 13,13,8000.0,4.0,10,33,19,2025-04-01
iPhone 13 mini,13,7800.0,3.7,112,12,27,2025-04-01
iPhone 13 Pro,13,9500.0,4.7,23,9,13,2025-04-01
iPhone 13 Pro Max,13,10000.0,4.3,208,20,20,2025-04-01
iPhone 14,14,9000.0,3.2,87,18,12,2025-04-01
iPhone 14 Plus,14,9200.0,3.2,376,40,24,2025-04-01
iPhone 14 Pro,14,11000.0,3.6,249,7,23,2025-04-01
iPhone 14 Pro Max,14,12000.0,3.6,225,44,13,2025-04-01
iPhone 15,15,10000.0,4.4,303,14,10,2025-04-01
iPhone 15 Plus,15,10200.0,4.1,225,37,13,2025-04-01
iPhone 15 Pro,15,12500.0,4.2,444,16,23,2025-04-01
iPhone 15 Pro Max,15,14000.0,3.6,342,44,25,2025-04-01
iPhone 16,16,11000.0,4.8,314,45,25,2025-04-01
iPhone 16 Pro,16,14000.0,3.5,34,6,21,2025-04-01
iPhone 16 Pro Max,16,16000.0,3.0,411,9,20,2025-04-01
iPhone 17,17,12000.0,3.9,158,14,22,2025-04-01
iPhone 17 Pro,17,15500.0,4.8,351,17,14,2025-04-01
iPhone 17 Pro Max,17,18000.0,3.4,28,32,19,2025-04-01
iPhone X,X,5000.0,3.2,103,11,23,2025-04-02
iPhone XS,X,5200.0,4.6,55,15,17,2025-04-02
iPhone XS Max,X,5500.0,4.4,328,12,29,2025-04-02
iPhone 11,11,6000.0,3.7,428,17,24,2025-04-02
iPhone 11 Pro,11,7000.0,3.4,123,9,20,2025-04-02
iPhone 11 Pro Max,11,8000.0,3.3,248,46,24,2025-04-02
iPhone 12,12,7000.0,4.8,488,17,9,2025-04-02
iPhone 12 mini,12,6800.0,3.0,399,48,23,2025-04-02
iPhone 12 Pro,12,8500.0,3.9,269,8,14,2025-04-02
iPhone 12 Pro Max,12,9000.0,4.7,240,13,18,2025-04-02
iPhone 13,13,8000.0,4.0,209,18,20,2025-04-02
iPhone 13 mini,13,7800.0,3.7,395,17,23,2025-04-02
iPhone 13 Pro,13,9500.0,3.7,397,24,22,2025-04-02
iPhone 13 Pro Max,13,10000.0,4.7,294,12,9,2025-04-02
iPhone 14,14,9000.0,3.2,495,30,13,2025-04-02
iPhone 14 Plus,14,9200.0,3.1,143,46,18,2025-04-02
iPhone 14 Pro,14,11000.0,3.0,263,35,27,2025-04-02
iPhone 14 Pro Max,14,12000.0,3.2,98,35,23,2025-04-02
iPhone 15,15,10000.0,4.7,34,20,29,2025-04-02
iPhone 15 Plus,15,10200.0,3.0,151,10,20,2025-04-02
iPhone 15 Pro,15,12500.0,4.7,135,47,13,2025-04-02
iPhone 15 Pro Max,15,14000.0,3.3,72,42,17,2025-04-02
iPhone 16,16,11000.0,4.2,263,44,20,2025-04-02
iPhone 16 Pro,16,14000.0,3.7,245,19,17,2025-04-02
iPhone 16 Pro Max,16,16000.0,4.9,322,39,24,2025-04-02
iPhone 17,17,12000.0,3.5,188,26,17,2025-04-02
iPhone 17 Pro,17,15500.0,4.7,22,32,11,2025-04-02
iPhone 17 Pro Max,17,18000.0,3.8,352,28,22,2025-04-02
iPhone X,X,5000.0,4.5,175,41,12,2025-04-03
iPhone XS,X,5200.0,3.7,261,19,21,2025-04-03
iPhone XS Max,X,5500.0,4.0,210,47,20,2025-04-03
iPhone 11,11,6000.0,4.3,478,13,18,2025-04-03
iPhone 11 Pro,11,7000.0,4.5,175,26,12,2025-04-03
iPhone 11 Pro Max,11,8000.0,3.2,29,37,23,2025-04-03
iPhone 12,12,7000.0,4.1,109,26,14,2025-04-03
iPhone 12 mini,12,6800.0,3.5,210,29,27,2025-04-03
iPhone 12 Pro,12,8500.0,4.5,83,15,12,2025-04-03
iPhone 12 Pro Max,12,9000.0,4.4,444,48,26,2025-04-03
iPhone 13,13,8000.0,4.4,382,21,30,2025-04-03
iPhone 13 mini,13,7800.0,4.4,141,27,16,2025-04-03
iPhone 13 Pro,13,9500.0,4.2,328,16,25,2025-04-03
iPhone 13 Pro Max,13,10000.0,3.1,88,16,9,2025-04-03
iPhone 14,14,9000.0,4.4,130,19,12,2025-04-03
iPhone 14 Plus,14,9200.0,3.6,29,13,25,2025-04-03
iPhone 14 Pro,14,11000.0,4.0,224,37,15,2025-04-03
iPhone 14 Pro Max,14,12000.0,3.2,490,5,12,2025-04-03
iPhone 15,15,10000.0,3.5,420,10,20,2025-04-03
iPhone 15 Plus,15,10200.0,3.5,60,32,18,2025-04-03
iPhone 15 Pro,15,12500.0,4.0,93,23,8,2025-04-03
iPhone 15 Pro Max,15,14000.0,4.1,175,11,21,2025-04-03
iPhone 16,16,11000.0,3.3,208,30,21,2025-04-03
iPhone 16 Pro,16,14000.0,3.0,115,49,12,2025-04-03
iPhone 16 Pro Max,16,16000.0,3.8,255,21,24,2025-04-03
iPhone 17,17,12000.0,5.0,423,12,27,2025-04-03
iPhone 17 Pro,17,15500.0,3.9,283,6,28,2025-04-03
iPhone 17 Pro Max,17,18000.0,4.0,478,34,15,2025-04-03
iPhone X,X,5000.0,3.9,35,38,18,2025-04-04
iPhone XS,X,5200.0,3.2,63,18,22,2025-04-04
iPhone XS Max,X,5500.0,5.0,152,21,22,2025-04-04
iPhone 11,11,6000.0,4.4,55,27,19,2025-04-04
iPhone 11 Pro,11,7000.0,4.2,408,28,17,2025-04-04
iPhone 11 Pro Max,11,8000.0,4.0,496,10,26,2025-04-04
iPhone 12,12,7000.0,3.5,150,48,21,2025-04-04
iPhone 12 mini,12,6800.0,3.8,351,28,22,2025-04-04
iPhone 12 Pro,12,8500.0,4.5,441,16,23,2025-04-04
iPhone 12 Pro Max,12,9000.0,3.4,352,42,24,2025-04-04
iPhone 13,13,8000.0,3.9,379,39,16,2025-04-04
iPhone 13 mini,13,7800.0,3.3,470,9,25,2025-04-04
iPhone 13 Pro,13,9500.0,4.6,252,25,18,2025-04-04
iPhone 13 Pro Max,13,10000.0,3.2,403,28,19,2025-04-04
iPhone 14,14,9000.0,4.7,478,29,24,2025-04-04
iPhone 14 Plus,14,9200.0,4.6,159,8,19,2025-04-04
iPhone 14 Pro,14,11000.0,4.5,79,32,17,2025-04-04
iPhone 14 Pro Max,14,12000.0,4.9,374,5,14,2025-04-04
iPhone 15,15,10000.0,3.9,130,49,24,2025-04-04
iPhone 15 Plus,15,10200.0,4.6,440,7,14,2025-04-04
iPhone 15 Pro,15,12500.0,3.1,420,28,20,2025-04-04
iPhone 15 Pro Max,15,14000.0,4.9,117,6,20,2025-04-04
iPhone 16,16,11000.0,3.8,487,43,18,2025-04-04
iPhone 16 Pro,16,14000.0,4.9,147,30,24,2025-04-04
iPhone 16 Pro Max,16,16000.0,4.4,413,21,24,2025-04-04
iPhone 17,17,12000.0,4.0,317,14,15,2025-04-04
iPhone 17 Pro,17,15500.0,4.6,106,47,13,2025-04-04
iPhone 17 Pro Max,17,18000.0,4.0,411,44,25,2025-04-04
iPhone X,X,5000.0,3.8,259,46,20,2025-04-05
iPhone XS,X,5200.0,4.5,396,44,22,2025-04-05
iPhone XS Max,X,5500.0,3.7,370,41,25,2025-04-05
iPhone 11,11,6000.0,4.1,245,38,8,2025-04-05
iPhone 11 Pro,11,7000.0,3.3,362,8,19,2025-04-05
iPhone 11 Pro Max,11,8000.0,4.9,270,29,19,2025-04-05
iPhone 12,12,7000.0,4.3,302,38,21,2025-04-05
iPhone 12 mini,12,6800.0,4.5,49,21,23,2025-04-05
iPhone 12 Pro,12,8500.0,4.9,102,46,18,2025-04-05
iPhone 12 Pro Max,12,9000.0,3.5,318,40,21,2025-04-05
iPhone 13,13,8000.0,3.5,398,28,15,2025-04-05
iPhone 13 mini,13,7800.0,3.5,316,12,16,2025-04-05
iPhone 13 Pro,13,9500.0,3.0,12,5,17,2025-04-05
iPhone 13 Pro Max,13,10000.0,3.4,449,38,17,2025-04-05
iPhone 14,14,9000.0,3.9,129,17,22,2025-04-05
iPhone 14 Plus,14,9200.0,3.2,149,7,22,2025-04-05
iPhone 14 Pro,14,11000.0,4.0,83,35,20,2025-04-05
iPhone 14 Pro Max,14,12000.0,3.8,119,7,25,2025-04-05
iPhone 15,15,10000.0,4.4,284,39,24,2025-04-05
iPhone 15 Plus,15,10200.0,4.9,406,39,20,2025-04-05
iPhone 15 Pro,15,12500.0,4.3,468,42,24,2025-04-05
iPhone 15 Pro Max,15,14000.0,4.7,118,48,20,2025-04-05
iPhone 16,16,11000.0,3.2,364,8,11,2025-04-05
iPhone 16 Pro,16,14000.0,4.8,156,47,21,2025-04-05
iPhone 16 Pro Max,16,16000.0,3.8,79,16,17,2025-04-05
iPhone 17,17,12000.0,3.2,93,32,18,2025-04-05
iPhone 17 Pro,17,15500.0,3.4,204,46,17,2025-04-05
iPhone 17 Pro Max,17,18000.0,4.3,361,31,21,2025-04-05
iPhone X,X,5000.0,4.4,249,17,20,2025-04-06
iPhone XS,X,5200.0,3.3,155,35,26,2025-04-06
iPhone XS Max,X,5500.0,4.0,119,41,16,2025-04-06
iPhone 11,11,6000.0,3.1,133,27,15,2025-04-06
iPhone 11 Pro,11,7000.0,3.5,133,33,16,2025-04-06
iPhone 11 Pro Max,11,8000.0,3.5,92,31,25,2025-04-06
iPhone 12,12,7000.0,4.5,495,27,18,2025-04-06
iPhone 12 mini,12,6800.0,3.7,129,20,27,2025-04-06
iPhone 12 Pro,12,8500.0,4.5,220,15,22,2025-04-06
iPhone 12 Pro Max,12,9000.0,3.6,59,30,20,2025-04-06
iPhone 13,13,8000.0,4.4,400,20,27,2025-04-06
iPhone 13 mini,13,7800.0,3.7,493,21,16,2025-04-06
iPhone 13 Pro,13,9500.0,3.0,335,20,23,2025-04-06
iPhone 13 Pro Max,13,10000.0,4.4,130,14,19,2025-04-06
iPhone 14,14,9000.0,4.7,422,18,16,2025-04-06
iPhone 14 Plus,14,9200.0,4.3,123,49,31,2025-04-06
iPhone 14 Pro,14,11000.0,4.9,264,22,12,2025-04-06
iPhone 14 Pro Max,14,12000.0,4.3,78,10,30,2025-04-06
iPhone 15,15,10000.0,4.6,313,16,18,2025-04-06
iPhone 15 Plus,15,10200.0,4.0,36,31,17,2025-04-06
iPhone 15 Pro,15,12500.0,4.0,110,36,19,2025-04-06
iPhone 15 Pro Max,15,14000.0,4.8,272,47,27,2025-04-06
iPhone 16,16,11000.0,3.5,302,42,22,2025-04-06
iPhone 16 Pro,16,14000.0,4.8,417,47,28,2025-04-06
iPhone 16 Pro Max,16,16000.0,4.6,346,12,26,2025-04-06
iPhone 17,17,12000.0,3.4,351,20,24,2025-04-06
iPhone 17 Pro,17,15500.0,4.2,91,7,16,2025-04-06
iPhone 17 Pro Max,17,18000.0,3.7,497,19,23,2025-04-06
iPhone X,X,5000.0,4.4,121,37,28,2025-04-07
iPhone XS,X,5200.0,3.8,398,33,17,2025-04-07
iPhone XS Max,X,5500.0,4.3,126,10,18,2025-04-07
iPhone 11,11,6000.0,4.3,486,29,10,2025-04-07
iPhone 11 Pro,11,7000.0,3.9,140,30,23,2025-04-07
iPhone 11 Pro Max,11,8000.0,4.8,66,20,12,2025-04-07
iPhone 12,12,7000.0,3.8,468,30,23,2025-04-07
iPhone 12 mini,12,6800.0,3.6,62,13,17,2025-04-07
iPhone 12 Pro,12,8500.0,4.7,373,26,22,2025-04-07
iPhone 12 Pro Max,12,9000.0,4.0,220,29,24,2025-04-07
iPhone 13,13,8000.0,3.8,161,28,20,2025-04-07
iPhone 13 mini,13,7800.0,4.1,407,36,10,2025-04-07
iPhone 13 Pro,13,9500.0,4.2,485,43,24,2025-04-07
iPhone 13 Pro Max,13,10000.0,3.8,219,49,14,2025-04-07
iPhone 14,14,9000.0,3.6,58,31,17,2025-04-07
iPhone 14 Plus,14,9200.0,4.8,345,7,20,2025-04-07
iPhone 14 Pro,14,11000.0,4.3,251,11,20,2025-04-07
iPhone 14 Pro Max,14,12000.0,4.4,194,31,16,2025-04-07
iPhone 15,15,10000.0,4.3,368,31,14,2025-04-07
iPhone 15 Plus,15,10200.0,4.1,220,46,20,2025-04-07
iPhone 15 Pro,15,12500.0,3.4,268,32,18,2025-04-07
iPhone 15 Pro Max,15,14000.0,4.2,469,29,19,2025-04-07
iPhone 16,16,11000.0,4.4,29,46,23,2025-04-07
iPhone 16 Pro,16,14000.0,4.3,267,20,18,2025-04-07
iPhone 16 Pro Max,16,16000.0,3.3,143,49,12,2025-04-07
iPhone 17,17,12000.0,5.0,34,25,27,2025-04-07
iPhone 17 Pro,17,15500.0,5.0,222,32,16,2025-04-07
iPhone 17 Pro Max,17,18000.0,3.5,453,43,20,2025-04-07
iPhone X,X,5000.0,3.7,194,15,28,2025-04-08
iPhone XS,X,5200.0,3.3,447,10,23,2025-04-08
iPhone XS Max,X,5500.0,3.2,343,27,26,2025-04-08
iPhone 11,11,6000.0,3.3,23,40,30,2025-04-08
iPhone 11 Pro,11,7000.0,4.8,223,26,10,2025-04-08
iPhone 11 Pro Max,11,8000.0,3.1,275,29,15,2025-04-08
iPhone 12,12,7000.0,4.7,228,21,16,2025-04-08
iPhone 12 mini,12,6800.0,3.9,355,8,29,2025-04-08
iPhone 12 Pro,12,8500.0,3.5,39,49,20,2025-04-08
iPhone 12 Pro Max,12,9000.0,3.7,31,41,24,2025-04-08
iPhone 13,13,8000.0,4.4,455,37,18,2025-04-08
iPhone 13 mini,13,7800.0,3.2,184,7,23,2025-04-08
iPhone 13 Pro,13,9500.0,3.6,275,13,20,2025-04-08
iPhone 13 Pro Max,13,10000.0,3.1,78,49,8,2025-04-08
iPhone 14,14,9000.0,3.4,263,9,13,2025-04-08
iPhone 14 Plus,14,9200.0,3.1,127,25,21,2025-04-08
iPhone 14 Pro,14,11000.0,4.2,260,22,23,2025-04-08
iPhone 14 Pro Max,14,12000.0,3.4,87,5,20,2025-04-08
iPhone 15,15,10000.0,3.6,366,48,28,2025-04-08
iPhone 15 Plus,15,10200.0,3.2,392,21,32,2025-04-08
iPhone 15 Pro,15,12500.0,4.2,468,24,28,2025-04-08
iPhone 15 Pro Max,15,14000.0,4.1,455,46,18,2025-04-08
iPhone 16,16,11000.0,4.0,56,43,17,2025-04-08
iPhone 16 Pro,16,14000.0,3.7,86,16,24,2025-04-08
iPhone 16 Pro Max,16,16000.0,5.0,11,41,26,2025-04-08
iPhone 17,17,12000.0,4.9,189,49,15,2025-04-08
iPhone 17 Pro,17,15500.0,3.5,84,37,30,2025-04-08
iPhone 17 Pro Max,17,18000.0,4.5,496,7,15,2025-04-08
iPhone X,X,5000.0,3.1,173,36,24,2025-04-09
iPhone XS,X,5200.0,3.3,197,9,16,2025-04-09
iPhone XS Max,X,5500.0,3.3,95,30,23,2025-04-09
iPhone 11,11,6000.0,3.2,460,31,19,2025-04-09
iPhone 11 Pro,11,7000.0,4.5,295,6,23,2025-04-09
iPhone 11 Pro Max,11,8000.0,3.6,115,9,13,2025-04-09
iPhone 12,12,7000.0,4.6,323,19,21,2025-04-09
iPhone 12 mini,12,6800.0,3.5,359,31,25,2025-04-09
iPhone 12 Pro,12,8500.0,3.7,298,30,19,2025-04-09
iPhone 12 Pro Max,12,9000.0,4.6,123,5,24,2025-04-09
iPhone 13,13,8000.0,3.2,267,5,19,2025-04-09
iPhone 13 mini,13,7800.0,3.7,155,21,17,2025-04-09
iPhone 13 Pro,13,9500.0,3.5,236,25,11,2025-04-09
iPhone 13 Pro Max,13,10000.0,3.0,470,22,15,2025-04-09
iPhone 14,14,9000.0,3.8,69,28,4,2025-04-09
iPhone 14 Plus,14,9200.0,4.5,118,14,23,2025-04-09
iPhone 14 Pro,14,11000.0,3.9,271,22,12,2025-04-09
iPhone 14 Pro Max,14,12000.0,3.8,387,25,16,2025-04-09
iPhone 15,15,10000.0,3.7,385,47,18,2025-04-09
iPhone 15 Plus,15,10200.0,4.5,390,38,19,2025-04-09
iPhone 15 Pro,15,12500.0,4.0,434,9,16,2025-04-09
iPhone 15 Pro Max,15,14000.0,4.7,54,28,17,2025-04-09
iPhone 16,16,11000.0,3.8,384,47,14,2025-04-09
iPhone 16 Pro,16,14000.0,3.3,289,43,25,2025-04-09
iPhone 16 Pro Max,16,16000.0,3.8,103,17,25,2025-04-09
iPhone 17,17,12000.0,4.6,185,26,9,2025-04-09
iPhone 17 Pro,17,15500.0,3.5,333,49,14,2025-04-09
iPhone 17 Pro Max,17,18000.0,4.8,467,7,25,2025-04-09
iPhone X,X,5000.0,4.6,431,17,26,2025-04-10
iPhone XS,X,5200.0,4.6,353,21,22,2025-04-10
iPhone XS Max,X,5500.0,4.3,459,48,13,2025-04-10
iPhone 11,11,6000.0,3.8,44,33,20,2025-04-10
iPhone 11 Pro,11,7000.0,4.2,62,41,15,2025-04-10
iPhone 11 Pro Max,11,8000.0,3.5,19,19,17,2025-04-10
iPhone 12,12,7000.0,4.0,227,46,19,2025-04-10
iPhone 12 mini,12,6800.0,3.8,45,7,21,2025-04-10
iPhone 12 Pro,12,8500.0,3.1,479,18,19,2025-04-10
iPhone 12 Pro Max,12,9000.0,4.2,479,33,16,2025-04-10
iPhone 13,13,8000.0,4.2,463,49,25,2025-04-10
iPhone 13 mini,13,7800.0,3.8,237,6,26,2025-04-10
iPhone 13 Pro,13,9500.0,4.9,423,31,9,2025-04-10
iPhone 13 Pro Max,13,10000.0,4.0,346,8,20,2025-04-10
iPhone 14,14,9000.0,3.6,285,17,19,2025-04-10
iPhone 14 Plus,14,9200.0,3.8,184,7,22,2025-04-10
iPhone 14 Pro,14,11000.0,3.0,417,39,9,2025-04-10
iPhone 14 Pro Max,14,12000.0,4.7,222,30,14,2025-04-10
iPhone 15,15,10000.0,4.1,49,8,21,2025-04-10
iPhone 15 Plus,15,10200.0,4.6,426,11,28,2025-04-10
iPhone 15 Pro,15,12500.0,3.4,61,15,20,2025-04-10
iPhone 15 Pro Max,15,14000.0,4.9,341,14,24,2025-04-10
iPhone 16,16,11000.0,4.0,27,26,17,2025-04-10
iPhone 16 Pro,16,14000.0,3.5,406,41,23,2025-04-10
iPhone 16 Pro Max,16,16000.0,3.0,316,40,20,2025-04-10
iPhone 17,17,12000.0,4.6,246,33,16,2025-04-10
iPhone 17 Pro,17,15500.0,4.0,270,12,17,2025-04-10
iPhone 17 Pro Max,17,18000.0,3.4,69,40,22,2025-04-10
iPhone X,X,5000.0,3.3,12,48,24,2025-04-11
iPhone XS,X,5200.0,3.9,89,27,17,2025-04-11
iPhone XS Max,X,5500.0,4.0,338,7,14,2025-04-11
iPhone 11,11,6000.0,4.4,191,18,24,2025-04-11
iPhone 11 Pro,11,7000.0,3.6,214,45,19,2025-04-11
iPhone 11 Pro Max,11,8000.0,3.2,236,48,22,2025-04-11
iPhone 12,12,7000.0,4.2,367,16,18,2025-04-11
iPhone 12 mini,12,6800.0,3.1,18,13,19,2025-04-11
iPhone 12 Pro,12,8500.0,3.0,402,16,26,2025-04-11
iPhone 12 Pro Max,12,9000.0,3.7,17,36,24,2025-04-11
iPhone 13,13,8000.0,4.5,413,43,22,2025-04-11
iPhone 13 mini,13,7800.0,3.7,322,23,16,2025-04-11
iPhone 13 Pro,13,9500.0,4.1,219,44,15,2025-04-11
iPhone 13 Pro Max,13,10000.0,4.8,402,24,18,2025-04-11
iPhone 14,14,9000.0,4.9,357,24,26,2025-04-11
iPhone 14 Plus,14,9200.0,3.1,266,21,26,2025-04-11
iPhone 14 Pro,14,11000.0,3.2,349,49,17,2025-04-11
iPhone 14 Pro Max,14,12000.0,4.0,93,42,20,2025-04-11
iPhone 15,15,10000.0,4.7,258,9,23,2025-04-11
iPhone 15 Plus,15,10200.0,4.6,231,28,19,2025-04-11
iPhone 15 Pro,15,12500.0,3.3,471,29,27,2025-04-11
iPhone 15 Pro Max,15,14000.0,4.5,243,17,21,2025-04-11
iPhone 16,16,11000.0,5.0,52,40,19,2025-04-11
iPhone 16 Pro,16,14000.0,3.2,137,46,20,2025-04-11
iPhone 16 Pro Max,16,16000.0,4.8,80,16,20,2025-04-11
iPhone 17,17,12000.0,3.5,88,36,17,2025-04-11
iPhone 17 Pro,17,15500.0,4.4,478,20,20,2025-04-11
iPhone 17 Pro Max,17,18000.0,3.8,458,6,24,2025-04-11
iPhone X,X,5000.0,3.8,112,32,18,2025-04-12
iPhone XS,X,5200.0,4.5,41,20,22,2025-04-12
iPhone XS Max,X,5500.0,4.7,195,46,16,2025-04-12
iPhone 11,11,6000.0,3.8,90,45,21,2025-04-12
iPhone 11 Pro,11,7000.0,3.7,252,32,20,2025-04-12
iPhone 11 Pro Max,11,8000.0,3.1,80,19,20,2025-04-12
iPhone 12,12,7000.0,4.0,407,6,10,2025-04-12
iPhone 12 mini,12,6800.0,3.3,366,37,23,2025-04-12
iPhone 12 Pro,12,8500.0,4.1,271,30,13,2025-04-12
iPhone 12 Pro Max,12,9000.0,4.8,305,47,18,2025-04-12
iPhone 13,13,8000.0,3.6,27,23,13,2025-04-12
iPhone 13 mini,13,7800.0,3.5,224,29,21,2025-04-12
iPhone 13 Pro,13,9500.0,3.8,468,37,22,2025-04-12
iPhone 13 Pro Max,13,10000.0,4.6,111,26,28,2025-04-12
iPhone 14,14,9000.0,4.9,305,20,12,2025-04-12
iPhone 14 Plus,14,9200.0,3.4,57,27,15,2025-04-12
iPhone 14 Pro,14,11000.0,3.4,405,18,23,2025-04-12
iPhone 14 Pro Max,14,12000.0,4.9,230,13,23,2025-04-12
iPhone 15,15,10000.0,3.4,370,17,17,2025-04-12
iPhone 15 Plus,15,10200.0,3.9,85,36,27,2025-04-12
iPhone 15 Pro,15,12500.0,3.8,259,20,10,2025-04-12
iPhone 15 Pro Max,15,14000.0,3.0,473,42,25,2025-04-12
iPhone 16,16,11000.0,4.5,167,38,23,2025-04-12
iPhone 16 Pro,16,14000.0,3.6,214,25,18,2025-04-12
iPhone 16 Pro Max,16,16000.0,3.0,362,31,19,2025-04-12
iPhone 17,17,12000.0,5.0,50,35,15,2025-04-12
iPhone 17 Pro,17,15500.0,3.6,170,37,19,2025-04-12
iPhone 17 Pro Max,17,18000.0,4.6,482,49,22,2025-04-12
iPhone X,X,5000.0,3.2,249,49,14,2025-04-13
iPhone XS,X,5200.0,3.2,289,17,23,2025-04-13
iPhone XS Max,X,5500.0,3.6,344,8,20,2025-04-13
iPhone 11,11,6000.0,3.9,120,34,11,2025-04-13
iPhone 11 Pro,11,7000.0,4.3,56,30,16,2025-04-13
iPhone 11 Pro Max,11,8000.0,3.7,387,14,17,2025-04-13
iPhone 12,12,7000.0,4.5,430,45,22,2025-04-13
iPhone 12 mini,12,6800.0,4.1,143,14,12,2025-04-13
iPhone 12 Pro,12,8500.0,4.1,431,32,28,2025-04-13
iPhone 12 Pro Max,12,9000.0,3.2,326,9,22,2025-04-13
iPhone 13,13,8000.0,3.7,211,47,23,2025-04-13
iPhone 13 mini,13,7800.0,3.9,171,26,22,2025-04-13
iPhone 13 Pro,13,9500.0,4.9,480,23,25,2025-04-13
iPhone 13 Pro Max,13,10000.0,3.6,432,21,11,2025-04-13
iPhone 14,14,9000.0,4.7,185,39,14,2025-04-13
iPhone 14 Plus,14,9200.0,3.1,183,43,14,2025-04-13
iPhone 14 Pro,14,11000.0,3.9,359,21,26,2025-04-13
iPhone 14 Pro Max,14,12000.0,3.2,474,18,19,2025-04-13
iPhone 15,15,10000.0,4.8,315,41,24,2025-04-13
iPhone 15 Plus,15,10200.0,4.5,379,41,14,2025-04-13
iPhone 15 Pro,15,12500.0,4.8,420,23,26,2025-04-13
iPhone 15 Pro Max,15,14000.0,4.5,84,26,23,2025-04-13
iPhone 16,16,11000.0,4.5,465,38,18,2025-04-13
iPhone 16 Pro,16,14000.0,3.0,47,25,20,2025-04-13
iPhone 16 Pro Max,16,16000.0,4.9,403,30,19,2025-04-13
iPhone 17,17,12000.0,3.1,409,45,20,2025-04-13
iPhone 17 Pro,17,15500.0,3.6,213,31,16,2025-04-13
iPhone 17 Pro Max,17,18000.0,4.0,420,6,15,2025-04-13
iPhone X,X,5000.0,4.8,490,30,23,2025-04-14
iPhone XS,X,5200.0,3.6,295,49,18,2025-04-14
iPhone XS Max,X,5500.0,3.2,198,21,18,2025-04-14
iPhone 11,11,6000.0,4.1,337,47,17,2025-04-14
iPhone 11 Pro,11,7000.0,4.2,209,39,20,2025-04-14
iPhone 11 Pro Max,11,8000.0,4.8,86,24,19,2025-04-14
iPhone 12,12,7000.0,4.4,320,41,14,2025-04-14
iPhone 12 mini,12,6800.0,3.7,135,38,20,2025-04-14
iPhone 12 Pro,12,8500.0,4.8,398,29,16,2025-04-14
iPhone 12 Pro Max,12,9000.0,4.2,228,19,21,2025-04-14
iPhone 13,13,8000.0,3.9,281,26,21,2025-04-14
iPhone 13 mini,13,7800.0,4.8,156,49,22,2025-04-14
iPhone 13 Pro,13,9500.0,4.6,319,10,15,2025-04-14
iPhone 13 Pro Max,13,10000.0,3.9,140,37,16,2025-04-14
iPhone 14,14,9000.0,4.8,345,29,26,2025-04-14
iPhone 14 Plus,14,9200.0,4.5,191,18,15,2025-04-14
iPhone 14 Pro,14,11000.0,3.0,90,22,13,2025-04-14
iPhone 14 Pro Max,14,12000.0,3.7,373,13,25,2025-04-14
iPhone 15,15,10000.0,5.0,189,37,12,2025-04-14
iPhone 15 Plus,15,10200.0,3.6,493,21,17,2025-04-14
iPhone 15 Pro,15,12500.0,4.1,32,38,7,2025-04-14
iPhone 15 Pro Max,15,14000.0,3.4,157,26,18,2025-04-14
iPhone 16,16,11000.0,3.7,32,45,25,2025-04-14
iPhone 16 Pro,16,14000.0,3.9,438,23,27,2025-04-14
iPhone 16 Pro Max,16,16000.0,3.6,24,18,24,2025-04-14
iPhone 17,17,12000.0,4.5,452,36,14,2025-04-14
iPhone 17 Pro,17,15500.0,4.9,485,31,15,2025-04-14
iPhone 17 Pro Max,17,18000.0,3.4,193,45,29,2025-04-14
iPhone X,X,5000.0,3.9,50,40,31,2025-04-15
iPhone XS,X,5200.0,4.7,55,35,18,2025-04-15
iPhone XS Max,X,5500.0,4.1,483,17,23,2025-04-15
iPhone 11,11,6000.0,3.8,358,24,19,2025-04-15
iPhone 11 Pro,11,7000.0,4.6,453,31,20,2025-04-15
iPhone 11 Pro Max,11,8000.0,4.0,304,19,20,2025-04-15
iPhone 12,12,7000.0,4.0,441,28,18,2025-04-15
iPhone 12 mini,12,6800.0,3.5,409,39,26,2025-04-15
iPhone 12 Pro,12,8500.0,4.8,258,39,30,2025-04-15
iPhone 12 Pro Max,12,9000.0,3.9,57,26,24,2025-04-15
iPhone 13,13,8000.0,4.8,392,19,19,2025-04-15
iPhone 13 mini,13,7800.0,3.9,459,13,9,2025-04-15
iPhone 13 Pro,13,9500.0,4.0,207,34,17,2025-04-15
iPhone 13 Pro Max,13,10000.0,4.3,177,6,27,2025-04-15
iPhone 14,14,9000.0,4.4,48,14,12,2025-04-15
iPhone 14 Plus,14,9200.0,4.3,461,39,12,2025-04-15
iPhone 14 Pro,14,11000.0,4.7,45,35,13,2025-04-15
iPhone 14 Pro Max,14,12000.0,3.0,74,40,18,2025-04-15
iPhone 15,15,10000.0,4.4,313,25,20,2025-04-15
iPhone 15 Plus,15,10200.0,4.5,284,27,21,2025-04-15
iPhone 15 Pro,15,12500.0,3.5,444,47,17,2025-04-15
iPhone 15 Pro Max,15,14000.0,3.6,462,45,15,2025-04-15
iPhone 16,16,11000.0,4.4,345,43,19,2025-04-15
iPhone 16 Pro,16,14000.0,4.0,58,42,28,2025-04-15
iPhone 16 Pro Max,16,16000.0,4.4,272,6,20,2025-04-15
iPhone 17,17,12000.0,3.3,38,19,29,2025-04-15
iPhone 17 Pro,17,15500.0,4.4,140,41,20,2025-04-15
iPhone 17 Pro Max,17,18000.0,4.4,260,49,18,2025-04-15
iPhone X,X,5000.0,3.8,285,25,24,2025-04-16
iPhone XS,X,5200.0,3.9,399,49,17,2025-04-16
iPhone XS Max,X,5500.0,3.2,262,22,18,2025-04-16
iPhone 11,11,6000.0,3.7,115,33,19,2025-04-16
iPhone 11 Pro,11,7000.0,4.0,116,40,20,2025-04-16
iPhone 11 Pro Max,11,8000.0,3.3,211,41,28,2025-04-16
iPhone 12,12,7000.0,3.2,306,6,14,2025-04-16
iPhone 12 mini,12,6800.0,3.1,371,38,24,2025-04-16
iPhone 12 Pro,12,8500.0,4.9,395,34,25,2025-04-16
iPhone 12 Pro Max,12,9000.0,3.2,365,17,20,2025-04-16
iPhone 13,13,8000.0,4.4,490,49,19,2025-04-16
iPhone 13 mini,13,7800.0,3.8,259,16,17,2025-04-16
iPhone 13 Pro,13,9500.0,3.9,229,31,21,2025-04-16
iPhone 13 Pro Max,13,10000.0,3.2,164,32,19,2025-04-16
iPhone 14,14,9000.0,4.0,125,46,26,2025-04-16
iPhone 14 Plus,14,9200.0,4.2,67,19,22,2025-04-16
iPhone 14 Pro,14,11000.0,3.9,35,24,15,2025-04-16
iPhone 14 Pro Max,14,12000.0,4.9,215,27,22,2025-04-16
iPhone 15,15,10000.0,4.0,143,15,25,2025-04-16
iPhone 15 Plus,15,10200.0,4.0,108,40,14,2025-04-16
iPhone 15 Pro,15,12500.0,4.1,229,26,24,2025-04-16
iPhone 15 Pro Max,15,14000.0,4.6,460,34,15,2025-04-16
iPhone 16,16,11000.0,5.0,331,18,11,2025-04-16
iPhone 16 Pro,16,14000.0,4.8,57,44,16,2025-04-16
iPhone 16 Pro Max,16,16000.0,4.1,235,12,23,2025-04-16
iPhone 17,17,12000.0,3.4,63,18,15,2025-04-16
iPhone 17 Pro,17,15500.0,4.9,442,42,16,2025-04-16
iPhone 17 Pro Max,17,18000.0,3.8,425,19,16,2025-04-16
iPhone X,X,5000.0,4.1,155,34,12,2025-04-17
iPhone XS,X,5200.0,3.7,348,48,26,2025-04-17
iPhone XS Max,X,5500.0,4.6,59,18,10,2025-04-17
iPhone 11,11,6000.0,4.7,431,34,14,2025-04-17
iPhone 11 Pro,11,7000.0,4.9,66,40,19,2025-04-17
iPhone 11 Pro Max,11,8000.0,4.0,355,12,24,2025-04-17
iPhone 12,12,7000.0,4.0,75,8,16,2025-04-17
iPhone 12 mini,12,6800.0,4.5,418,29,15,2025-04-17
iPhone 12 Pro,12,8500.0,3.1,111,30,17,2025-04-17
iPhone 12 Pro Max,12,9000.0,4.5,423,23,22,2025-04-17
iPhone 13,13,8000.0,4.9,497,37,17,2025-04-17
iPhone 13 mini,13,7800.0,4.2,133,25,25,2025-04-17
iPhone 13 Pro,13,9500.0,3.7,106,10,3,2025-04-17
iPhone 13 Pro Max,13,10000.0,5.0,56,39,21,2025-04-17
iPhone 14,14,9000.0,3.4,166,8,22,2025-04-17
iPhone 14 Plus,14,9200.0,4.6,19,26,23,2025-04-17
iPhone 14 Pro,14,11000.0,4.7,30,19,18,2025-04-17
iPhone 14 Pro Max,14,12000.0,5.0,197,48,18,2025-04-17
iPhone 15,15,10000.0,4.8,14,43,30,2025-04-17
iPhone 15 Plus,15,10200.0,4.1,235,14,22,2025-04-17
iPhone 15 Pro,15,12500.0,3.7,258,28,29,2025-04-17
iPhone 15 Pro Max,15,14000.0,3.6,47,48,14,2025-04-17
iPhone 16,16,11000.0,4.2,452,38,26,2025-04-17
iPhone 16 Pro,16,14000.0,4.1,52,22,18,2025-04-17
iPhone 16 Pro Max,16,16000.0,3.4,178,43,16,2025-04-17
iPhone 17,17,12000.0,3.6,289,40,23,2025-04-17
iPhone 17 Pro,17,15500.0,4.7,395,32,19,2025-04-17
iPhone 17 Pro Max,17,18000.0,4.1,428,43,16,2025-04-17
iPhone X,X,5000.0,3.9,237,14,25,2025-04-18
iPhone XS,X,5200.0,4.7,196,47,16,2025-04-18
iPhone XS Max,X,5500.0,4.7,269,9,23,2025-04-18
iPhone 11,11,6000.0,5.0,471,15,18,2025-04-18
iPhone 11 Pro,11,7000.0,5.0,223,18,16,2025-04-18
iPhone 11 Pro Max,11,8000.0,3.9,301,43,27,2025-04-18
iPhone 12,12,7000.0,4.6,131,42,12,2025-04-18
iPhone 12 mini,12,6800.0,3.3,359,31,25,2025-04-18
iPhone 12 Pro,12,8500.0,3.5,482,45,12,2025-04-18
iPhone 12 Pro Max,12,9000.0,4.8,275,34,23,2025-04-18
iPhone 13,13,8000.0,3.6,342,33,14,2025-04-18
iPhone 13 mini,13,7800.0,3.8,430,18,21,2025-04-18
iPhone 13 Pro,13,9500.0,3.0,337,43,29,2025-04-18
iPhone 13 Pro Max,13,10000.0,4.9,241,37,20,2025-04-18
iPhone 14,14,9000.0,3.2,28,38,30,2025-04-18
iPhone 14 Plus,14,9200.0,4.7,194,23,14,2025-04-18
iPhone 14 Pro,14,11000.0,3.4,319,30,19,2025-04-18
iPhone 14 Pro Max,14,12000.0,4.0,258,23,19,2025-04-18
iPhone 15,15,10000.0,4.5,16,33,16,2025-04-18
iPhone 15 Plus,15,10200.0,4.2,385,12,19,2025-04-18
iPhone 15 Pro,15,12500.0,4.9,51,17,14,2025-04-18
iPhone 15 Pro Max,15,14000.0,3.0,221,20,16,2025-04-18
iPhone 16,16,11000.0,3.3,263,31,20,2025-04-18
iPhone 16 Pro,16,14000.0,4.2,497,27,13,2025-04-18
iPhone 16 Pro Max,16,16000.0,3.1,122,8,25,2025-04-18
iPhone 17,17,12000.0,3.9,242,20,16,2025-04-18
iPhone 17 Pro,17,15500.0,3.1,320,29,10,2025-04-18
iPhone 17 Pro Max,17,18000.0,3.9,176,37,23,2025-04-18
iPhone X,X,5000.0,4.0,449,13,28,2025-04-19
iPhone XS,X,5200.0,4.4,305,19,21,2025-04-19
iPhone XS Max,X,5500.0,4.4,47,8,10,2025-04-19
iPhone 11,11,6000.0,4.5,396,16,12,2025-04-19
iPhone 11 Pro,11,7000.0,4.4,39,25,20,2025-04-19
iPhone 11 Pro Max,11,8000.0,4.7,411,33,17,2025-04-19
iPhone 12,12,7000.0,4.2,453,25,16,2025-04-19
iPhone 12 mini,12,6800.0,4.1,430,42,18,2025-04-19
iPhone 12 Pro,12,8500.0,4.7,253,24,14,2025-04-19
iPhone 12 Pro Max,12,9000.0,4.3,414,27,14,2025-04-19
iPhone 13,13,8000.0,4.0,348,49,24,2025-04-19
iPhone 13 mini,13,7800.0,3.9,96,31,8,2025-04-19
iPhone 13 Pro,13,9500.0,4.3,365,16,27,2025-04-19
iPhone 13 Pro Max,13,10000.0,3.0,232,36,15,2025-04-19
iPhone 14,14,9000.0,3.7,433,39,20,2025-04-19
iPhone 14 Plus,14,9200.0,4.0,200,19,20,2025-04-19
iPhone 14 Pro,14,11000.0,3.8,287,20,16,2025-04-19
iPhone 14 Pro Max,14,12000.0,3.9,107,12,13,2025-04-19
iPhone 15,15,10000.0,3.4,321,47,20,2025-04-19
iPhone 15 Plus,15,10200.0,3.8,80,12,19,2025-04-19
iPhone 15 Pro,15,12500.0,3.9,410,49,13,2025-04-19
iPhone 15 Pro Max,15,14000.0,3.6,364,43,19,2025-04-19
iPhone 16,16,11000.0,4.0,77,41,12,2025-04-19
iPhone 16 Pro,16,14000.0,4.7,452,26,17,2025-04-19
iPhone 16 Pro Max,16,16000.0,4.1,253,40,19,2025-04-19
iPhone 17,17,12000.0,3.4,402,5,15,2025-04-19
iPhone 17 Pro,17,15500.0,4.8,472,36,22,2025-04-19
iPhone 17 Pro Max,17,18000.0,4.7,56,18,14,2025-04-19
iPhone X,X,5000.0,4.7,422,23,18,2025-04-20
iPhone XS,X,5200.0,3.8,317,28,15,2025-04-20
iPhone XS Max,X,5500.0,3.4,381,22,17,2025-04-20
iPhone 11,11,6000.0,3.6,273,28,14,2025-04-20
iPhone 11 Pro,11,7000.0,4.8,280,11,24,2025-04-20
iPhone 11 Pro Max,11,8000.0,4.1,73,16,22,2025-04-20
iPhone 12,12,7000.0,4.0,183,19,17,2025-04-20
iPhone 12 mini,12,6800.0,3.7,357,45,13,2025-04-20
iPhone 12 Pro,12,8500.0,4.9,296,45,16,2025-04-20
iPhone 12 Pro Max,12,9000.0,3.8,10,12,22,2025-04-20
iPhone 13,13,8000.0,3.5,387,32,25,2025-04-20
iPhone 13 mini,13,7800.0,3.9,354,9,14,2025-04-20
iPhone 13 Pro,13,9500.0,3.8,176,14,21,2025-04-20
iPhone 13 Pro Max,13,10000.0,3.8,189,19,25,2025-04-20
iPhone 14,14,9000.0,4.1,35,30,22,2025-04-20
iPhone 14 Plus,14,9200.0,4.5,215,6,24,2025-04-20
iPhone 14 Pro,14,11000.0,4.4,36,13,13,2025-04-20
iPhone 14 Pro Max,14,12000.0,3.1,95,27,23,2025-04-20
iPhone 15,15,10000.0,3.9,82,31,18,2025-04-20
iPhone 15 Plus,15,10200.0,3.4,497,11,20,2025-04-20
iPhone 15 Pro,15,12500.0,3.9,456,24,23,2025-04-20
iPhone 15 Pro Max,15,14000.0,4.2,498,17,20,2025-04-20
iPhone 16,16,11000.0,3.5,351,21,18,2025-04-20
iPhone 16 Pro,16,14000.0,3.5,438,22,15,2025-04-20
iPhone 16 Pro Max,16,16000.0,3.6,325,46,18,2025-04-20
iPhone 17,17,12000.0,4.6,254,16,17,2025-04-20
iPhone 17 Pro,17,15500.0,3.1,320,32,19,2025-04-20
iPhone 17 Pro Max,17,18000.0,3.7,156,43,19,2025-04-20
iPhone X,X,5000.0,3.7,236,20,20,2025-04-21
iPhone XS,X,5200.0,3.6,239,29,15,2025-04-21
iPhone XS Max,X,5500.0,4.9,87,18,15,2025-04-21
iPhone 11,11,6000.0,3.0,297,22,16,2025-04-21
iPhone 11 Pro,11,7000.0,4.4,202,46,25,2025-04-21
iPhone 11 Pro Max,11,8000.0,4.4,299,32,20,2025-04-21
iPhone 12,12,7000.0,4.5,202,37,13,2025-04-21
iPhone 12 mini,12,6800.0,4.7,389,27,26,2025-04-21
iPhone 12 Pro,12,8500.0,4.2,354,17,19,2025-04-21
iPhone 12 Pro Max,12,9000.0,3.4,174,17,27,2025-04-21
iPhone 13,13,8000.0,3.3,349,37,20,2025-04-21
iPhone 13 mini,13,7800.0,3.9,348,10,12,2025-04-21
iPhone 13 Pro,13,9500.0,4.8,368,45,11,2025-04-21
iPhone 13 Pro Max,13,10000.0,4.4,211,14,20,2025-04-21
iPhone 14,14,9000.0,4.4,473,5,19,2025-04-21
iPhone 14 Plus,14,9200.0,3.1,439,44,10,2025-04-21
iPhone 14 Pro,14,11000.0,4.9,370,44,15,2025-04-21
iPhone 14 Pro Max,14,12000.0,3.5,90,5,24,2025-04-21
iPhone 15,15,10000.0,3.2,335,30,27,2025-04-21
iPhone 15 Plus,15,10200.0,3.0,108,34,19,2025-04-21
iPhone 15 Pro,15,12500.0,3.5,280,19,17,2025-04-21
iPhone 15 Pro Max,15,14000.0,3.9,55,35,22,2025-04-21
iPhone 16,16,11000.0,3.6,422,7,14,2025-04-21
iPhone 16 Pro,16,14000.0,4.3,183,13,12,2025-04-21
iPhone 16 Pro Max,16,16000.0,3.0,30,14,25,2025-04-21
iPhone 17,17,12000.0,3.7,334,44,16,2025-04-21
iPhone 17 Pro,17,15500.0,3.3,254,46,15,2025-04-21
iPhone 17 Pro Max,17,18000.0,3.7,311,9,11,2025-04-21
iPhone X,X,5000.0,3.2,483,10,23,2025-04-22
iPhone XS,X,5200.0,4.2,256,38,20,2025-04-22
iPhone XS Max,X,5500.0,3.1,252,48,21,2025-04-22
iPhone 11,11,6000.0,4.6,404,29,10,2025-04-22
iPhone 11 Pro,11,7000.0,3.2,287,41,23,2025-04-22
iPhone 11 Pro Max,11,8000.0,4.8,246,12,28,2025-04-22
iPhone 12,12,7000.0,4.4,115,38,18,2025-04-22
iPhone 12 mini,12,6800.0,3.2,146,20,14,2025-04-22
iPhone 12 Pro,12,8500.0,4.3,34,8,14,2025-04-22
iPhone 12 Pro Max,12,9000.0,3.2,284,18,17,2025-04-22
iPhone 13,13,8000.0,3.4,408,7,20,2025-04-22
iPhone 13 mini,13,7800.0,4.6,274,11,22,2025-04-22
iPhone 13 Pro,13,9500.0,4.8,222,19,25,2025-04-22
iPhone 13 Pro Max,13,10000.0,3.9,131,9,19,2025-04-22
iPhone 14,14,9000.0,3.3,413,20,24,2025-04-22
iPhone 14 Plus,14,9200.0,4.9,279,35,21,2025-04-22
iPhone 14 Pro,14,11000.0,4.0,306,18,26,2025-04-22
iPhone 14 Pro Max,14,12000.0,3.6,212,9,22,2025-04-22
iPhone 15,15,10000.0,4.4,361,40,22,2025-04-22
iPhone 15 Plus,15,10200.0,4.9,26,16,26,2025-04-22
iPhone 15 Pro,15,12500.0,3.2,26,14,8,2025-04-22
iPhone 15 Pro Max,15,14000.0,3.1,217,21,22,2025-04-22
iPhone 16,16,11000.0,5.0,491,14,15,2025-04-22
iPhone 16 Pro,16,14000.0,4.7,492,10,24,2025-04-22
iPhone 16 Pro Max,16,16000.0,4.9,27,33,9,2025-04-22
iPhone 17,17,12000.0,3.4,492,48,26,2025-04-22
iPhone 17 Pro,17,15500.0,4.5,129,8,23,2025-04-22
iPhone 17 Pro Max,17,18000.0,3.5,167,38,15,2025-04-22
iPhone X,X,5000.0,4.7,255,28,14,2025-04-23
iPhone XS,X,5200.0,3.1,347,23,21,2025-04-23
iPhone XS Max,X,5500.0,4.9,412,28,22,2025-04-23
iPhone 11,11,6000.0,4.6,269,42,30,2025-04-23
iPhone 11 Pro,11,7000.0,3.6,306,48,22,2025-04-23
iPhone 11 Pro Max,11,8000.0,3.3,448,15,21,2025-04-23
iPhone 12,12,7000.0,3.9,197,12,14,2025-04-23
iPhone 12 mini,12,6800.0,4.2,245,22,15,2025-04-23
iPhone 12 Pro,12,8500.0,3.1,261,48,24,2025-04-23
iPhone 12 Pro Max,12,9000.0,4.2,91,35,15,2025-04-23
iPhone 13,13,8000.0,3.1,342,24,22,2025-04-23
iPhone 13 mini,13,7800.0,3.8,239,39,17,2025-04-23
iPhone 13 Pro,13,9500.0,4.7,454,24,13,2025-04-23
iPhone 13 Pro Max,13,10000.0,4.6,41,33,17,2025-04-23
iPhone 14,14,9000.0,3.4,350,10,20,2025-04-23
iPhone 14 Plus,14,9200.0,4.3,468,27,19,2025-04-23
iPhone 14 Pro,14,11000.0,3.6,186,6,17,2025-04-23
iPhone 14 Pro Max,14,12000.0,4.9,408,47,20,2025-04-23
iPhone 15,15,10000.0,5.0,357,32,13,2025-04-23
iPhone 15 Plus,15,10200.0,3.1,476,32,21,2025-04-23
iPhone 15 Pro,15,12500.0,4.9,206,14,25,2025-04-23
iPhone 15 Pro Max,15,14000.0,4.3,342,9,18,2025-04-23
iPhone 16,16,11000.0,4.0,136,15,21,2025-04-23
iPhone 16 Pro,16,14000.0,4.3,339,26,14,2025-04-23
iPhone 16 Pro Max,16,16000.0,3.8,31,47,23,2025-04-23
iPhone 17,17,12000.0,4.5,259,40,14,2025-04-23
iPhone 17 Pro,17,15500.0,3.9,451,40,23,2025-04-23
iPhone 17 Pro Max,17,18000.0,4.8,70,34,28,2025-04-23
iPhone X,X,5000.0,4.4,193,8,21,2025-04-24
iPhone XS,X,5200.0,3.5,335,9,14,2025-04-24
iPhone XS Max,X,5500.0,3.1,17,13,21,2025-04-24
iPhone 11,11,6000.0,4.7,337,19,14,2025-04-24
iPhone 11 Pro,11,7000.0,4.0,304,10,23,2025-04-24
iPhone 11 Pro Max,11,8000.0,4.1,412,35,20,2025-04-24
iPhone 12,12,7000.0,4.1,19,47,21,2025-04-24
iPhone 12 mini,12,6800.0,5.0,116,24,24,2025-04-24
iPhone 12 Pro,12,8500.0,3.5,351,19,25,2025-04-24
iPhone 12 Pro Max,12,9000.0,4.0,38,36,19,2025-04-24
iPhone 13,13,8000.0,4.8,22,27,19,2025-04-24
iPhone 13 mini,13,7800.0,3.9,139,8,24,2025-04-24
iPhone 13 Pro,13,9500.0,3.3,66,37,27,2025-04-24
iPhone 13 Pro Max,13,10000.0,4.6,229,18,17,2025-04-24
iPhone 14,14,9000.0,4.2,181,24,18,2025-04-24
iPhone 14 Plus,14,9200.0,3.2,114,38,22,2025-04-24
iPhone 14 Pro,14,11000.0,3.9,386,48,27,2025-04-24
iPhone 14 Pro Max,14,12000.0,3.3,362,22,19,2025-04-24
iPhone 15,15,10000.0,4.5,361,37,14,2025-04-24
iPhone 15 Plus,15,10200.0,3.8,433,9,30,2025-04-24
iPhone 15 Pro,15,12500.0,3.7,154,35,15,2025-04-24
iPhone 15 Pro Max,15,14000.0,4.4,280,41,15,2025-04-24
iPhone 16,16,11000.0,4.3,162,25,14,2025-04-24
iPhone 16 Pro,16,14000.0,4.1,286,8,16,2025-04-24
iPhone 16 Pro Max,16,16000.0,4.9,459,30,27,2025-04-24
iPhone 17,17,12000.0,3.0,348,13,18,2025-04-24
iPhone 17 Pro,17,15500.0,4.5,342,31,21,2025-04-24
iPhone 17 Pro Max,17,18000.0,3.8,255,40,5,2025-04-24
iPhone X,X,5000.0,3.9,268,38,21,2025-04-25
iPhone XS,X,5200.0,4.4,400,45,18,2025-04-25
iPhone XS Max,X,5500.0,4.5,151,19,10,2025-04-25
iPhone 11,11,6000.0,4.4,17,9,18,2025-04-25
iPhone 11 Pro,11,7000.0,4.5,72,8,23,2025-04-25
iPhone 11 Pro Max,11,8000.0,4.5,322,35,18,2025-04-25
iPhone 12,12,7000.0,4.5,216,33,20,2025-04-25
iPhone 12 mini,12,6800.0,3.6,362,20,27,2025-04-25
iPhone 12 Pro,12,8500.0,3.9,298,40,19,2025-04-25
iPhone 12 Pro Max,12,9000.0,3.3,161,48,22,2025-04-25
iPhone 13,13,8000.0,3.8,409,36,19,2025-04-25
iPhone 13 mini,13,7800.0,4.3,444,25,22,2025-04-25
iPhone 13 Pro,13,9500.0,4.8,254,10,23,2025-04-25
iPhone 13 Pro Max,13,10000.0,4.0,74,26,21,2025-04-25
iPhone 14,14,9000.0,4.7,340,7,15,2025-04-25
iPhone 14 Plus,14,9200.0,3.5,99,36,9,2025-04-25
iPhone 14 Pro,14,11000.0,5.0,259,10,18,2025-04-25
iPhone 14 Pro Max,14,12000.0,3.7,31,35,30,2025-04-25
iPhone 15,15,10000.0,4.7,158,20,12,2025-04-25
iPhone 15 Plus,15,10200.0,3.8,313,36,26,2025-04-25
iPhone 15 Pro,15,12500.0,3.6,404,19,22,2025-04-25
iPhone 15 Pro Max,15,14000.0,4.3,185,27,14,2025-04-25
iPhone 16,16,11000.0,3.6,181,7,16,2025-04-25
iPhone 16 Pro,16,14000.0,4.1,456,21,25,2025-04-25
iPhone 16 Pro Max,16,16000.0,3.4,121,19,20,2025-04-25
iPhone 17,17,12000.0,4.4,243,46,20,2025-04-25
iPhone 17 Pro,17,15500.0,4.1,360,15,20,2025-04-25
iPhone 17 Pro Max,17,18000.0,3.1,412,35,20,2025-04-25
iPhone X,X,5000.0,4.8,446,43,28,2025-04-26
iPhone XS,X,5200.0,5.0,376,34,24,2025-04-26
iPhone XS Max,X,5500.0,4.8,64,13,23,2025-04-26
iPhone 11,11,6000.0,3.7,141,41,22,2025-04-26
iPhone 11 Pro,11,7000.0,4.2,485,10,28,2025-04-26
iPhone 11 Pro Max,11,8000.0,4.6,33,22,22,2025-04-26
iPhone 12,12,7000.0,3.5,470,9,27,2025-04-26
iPhone 12 mini,12,6800.0,4.8,40,10,22,2025-04-26
iPhone 12 Pro,12,8500.0,4.6,482,33,19,2025-04-26
iPhone 12 Pro Max,12,9000.0,3.3,285,22,18,2025-04-26
iPhone 13,13,8000.0,4.3,446,27,18,2025-04-26
iPhone 13 mini,13,7800.0,3.1,187,44,19,2025-04-26
iPhone 13 Pro,13,9500.0,4.9,268,21,15,2025-04-26
iPhone 13 Pro Max,13,10000.0,4.0,165,12,19,2025-04-26
iPhone 14,14,9000.0,3.5,451,49,13,2025-04-26
iPhone 14 Plus,14,9200.0,3.6,458,43,28,2025-04-26
iPhone 14 Pro,14,11000.0,4.7,310,7,19,2025-04-26
iPhone 14 Pro Max,14,12000.0,3.9,223,22,17,2025-04-26
iPhone 15,15,10000.0,4.3,271,7,33,2025-04-26
iPhone 15 Plus,15,10200.0,3.7,485,31,20,2025-04-26
iPhone 15 Pro,15,12500.0,3.5,47,47,19,2025-04-26
iPhone 15 Pro Max,15,14000.0,3.7,175,15,21,2025-04-26
iPhone 16,16,11000.0,4.4,254,21,18,2025-04-26
iPhone 16 Pro,16,14000.0,4.9,10,29,23,2025-04-26
iPhone 16 Pro Max,16,16000.0,3.8,258,12,15,2025-04-26
iPhone 17,17,12000.0,3.6,324,34,15,2025-04-26
iPhone 17 Pro,17,15500.0,4.5,320,48,14,2025-04-26
iPhone 17 Pro Max,17,18000.0,4.9,39,43,23,2025-04-26
iPhone X,X,5000.0,3.3,131,20,15,2025-04-27
iPhone XS,X,5200.0,3.3,54,39,20,2025-04-27
iPhone XS Max,X,5500.0,4.2,492,11,16,2025-04-27
iPhone 11,11,6000.0,3.5,285,36,24,2025-04-27
iPhone 11 Pro,11,7000.0,3.0,369,36,16,2025-04-27
iPhone 11 Pro Max,11,8000.0,4.4,159,25,10,2025-04-27
iPhone 12,12,7000.0,4.0,382,47,17,2025-04-27
iPhone 12 mini,12,6800.0,3.6,146,11,23,2025-04-27
iPhone 12 Pro,12,8500.0,4.3,74,6,13,2025-04-27
iPhone 12 Pro Max,12,9000.0,4.1,252,18,18,2025-04-27
iPhone 13,13,8000.0,3.1,499,12,19,2025-04-27
iPhone 13 mini,13,7800.0,4.6,17,35,21,2025-04-27
iPhone 13 Pro,13,9500.0,3.6,305,46,20,2025-04-27
iPhone 13 Pro Max,13,10000.0,4.5,317,19,19,2025-04-27
iPhone 14,14,9000.0,3.3,356,21,22,2025-04-27
iPhone 14 Plus,14,9200.0,3.0,201,41,21,2025-04-27
iPhone 14 Pro,14,11000.0,3.0,107,38,15,2025-04-27
iPhone 14 Pro Max,14,12000.0,4.5,215,42,21,2025-04-27
iPhone 15,15,10000.0,4.7,121,33,18,2025-04-27
iPhone 15 Plus,15,10200.0,4.0,355,12,22,2025-04-27
iPhone 15 Pro,15,12500.0,3.3,27,35,21,2025-04-27
iPhone 15 Pro Max,15,14000.0,4.7,341,26,20,2025-04-27
iPhone 16,16,11000.0,4.4,84,24,14,2025-04-27
iPhone 16 Pro,16,14000.0,3.9,18,41,19,2025-04-27
iPhone 16 Pro Max,16,16000.0,3.8,314,8,23,2025-04-27
iPhone 17,17,12000.0,4.6,453,27,12,2025-04-27
iPhone 17 Pro,17,15500.0,3.2,424,43,22,2025-04-27
iPhone 17 Pro Max,17,18000.0,4.5,91,8,27,2025-04-27
iPhone X,X,5000.0,4.5,287,7,24,2025-04-28
iPhone XS,X,5200.0,3.8,441,5,15,2025-04-28
iPhone XS Max,X,5500.0,3.7,35,12,18,2025-04-28
iPhone 11,11,6000.0,4.8,58,18,26,2025-04-28
iPhone 11 Pro,11,7000.0,4.5,294,16,16,2025-04-28
iPhone 11 Pro Max,11,8000.0,3.9,282,14,16,2025-04-28
iPhone 12,12,7000.0,4.2,92,5,16,2025-04-28
iPhone 12 mini,12,6800.0,4.6,168,35,19,2025-04-28
iPhone 12 Pro,12,8500.0,3.8,412,16,30,2025-04-28
iPhone 12 Pro Max,12,9000.0,3.3,419,7,15,2025-04-28
iPhone 13,13,8000.0,3.5,390,49,25,2025-04-28
iPhone 13 mini,13,7800.0,3.1,152,41,18,2025-04-28
iPhone 13 Pro,13,9500.0,4.3,240,13,7,2025-04-28
iPhone 13 Pro Max,13,10000.0,3.2,333,42,20,2025-04-28
iPhone 14,14,9000.0,3.1,434,5,11,2025-04-28
iPhone 14 Plus,14,9200.0,4.9,372,39,16,2025-04-28
iPhone 14 Pro,14,11000.0,4.5,350,7,14,2025-04-28
iPhone 14 Pro Max,14,12000.0,4.9,317,10,24,2025-04-28
iPhone 15,15,10000.0,4.7,128,44,21,2025-04-28
iPhone 15 Plus,15,10200.0,3.0,238,24,16,2025-04-28
iPhone 15 Pro,15,12500.0,4.6,246,22,20,2025-04-28
iPhone 15 Pro Max,15,14000.0,4.8,328,38,21,2025-04-28
iPhone 16,16,11000.0,3.7,383,41,24,2025-04-28
iPhone 16 Pro,16,14000.0,4.4,208,29,30,2025-04-28
iPhone 16 Pro Max,16,16000.0,4.5,88,33,17,2025-04-28
iPhone 17,17,12000.0,3.6,402,41,23,2025-04-28
iPhone 17 Pro,17,15500.0,3.9,407,8,13,2025-04-28
iPhone 17 Pro Max,17,18000.0,3.9,86,35,16,2025-04-28
iPhone X,X,5000.0,3.3,176,32,15,2025-04-29
iPhone XS,X,5200.0,3.6,104,21,12,2025-04-29
iPhone XS Max,X,5500.0,4.4,342,14,22,2025-04-29
iPhone 11,11,6000.0,3.1,460,32,18,2025-04-29
iPhone 11 Pro,11,7000.0,5.0,344,17,17,2025-04-29
iPhone 11 Pro Max,11,8000.0,5.0,165,42,13,2025-04-29
iPhone 12,12,7000.0,4.2,474,19,12,2025-04-29
iPhone 12 mini,12,6800.0,3.1,65,35,17,2025-04-29
iPhone 12 Pro,12,8500.0,4.8,235,31,27,2025-04-29
iPhone 12 Pro Max,12,9000.0,4.0,318,33,17,2025-04-29
iPhone 13,13,8000.0,3.6,187,25,21,2025-04-29
iPhone 13 mini,13,7800.0,4.1,390,37,27,2025-04-29
iPhone 13 Pro,13,9500.0,3.2,287,25,23,2025-04-29
iPhone 13 Pro Max,13,10000.0,4.4,45,26,18,2025-04-29
iPhone 14,14,9000.0,4.7,183,37,24,2025-04-29
iPhone 14 Plus,14,9200.0,4.2,192,6,1,2025-04-29
iPhone 14 Pro,14,11000.0,4.9,256,33,23,2025-04-29
iPhone 14 Pro Max,14,12000.0,3.8,173,33,26,2025-04-29
iPhone 15,15,10000.0,4.4,122,40,20,2025-04-29
iPhone 15 Plus,15,10200.0,4.6,315,5,29,2025-04-29
iPhone 15 Pro,15,12500.0,3.7,455,44,22,2025-04-29
iPhone 15 Pro Max,15,14000.0,4.9,218,48,12,2025-04-29
iPhone 16,16,11000.0,3.2,79,12,16,2025-04-29
iPhone 16 Pro,16,14000.0,3.4,499,8,25,2025-04-29
iPhone 16 Pro Max,16,16000.0,4.3,432,24,15,2025-04-29
iPhone 17,17,12000.0,3.9,336,14,26,2025-04-29
iPhone 17 Pro,17,15500.0,3.1,21,5,24,2025-04-29
iPhone 17 Pro Max,17,18000.0,3.1,205,10,12,2025-04-29
iPhone X,X,5000.0,4.7,112,43,19,2025-04-30
iPhone XS,X,5200.0,4.5,402,19,26,2025-04-30
iPhone XS Max,X,5500.0,3.4,136,24,12,2025-04-30
iPhone 11,11,6000.0,4.7,383,10,17,2025-04-30
iPhone 11 Pro,11,7000.0,4.6,358,46,19,2025-04-30
iPhone 11 Pro Max,11,8000.0,3.2,94,35,19,2025-04-30
iPhone 12,12,7000.0,3.9,257,23,24,2025-04-30
iPhone 12 mini,12,6800.0,3.3,450,33,16,2025-04-30
iPhone 12 Pro,12,8500.0,4.8,61,18,27,2025-04-30
iPhone 12 Pro Max,12,9000.0,3.0,176,35,0,2025-04-30
iPhone 13,13,8000.0,4.5,251,18,18,2025-04-30
iPhone 13 mini,13,7800.0,4.8,337,19,29,2025-04-30
iPhone 13 Pro,13,9500.0,3.6,125,8,16,2025-04-30
iPhone 13 Pro Max,13,10000.0,4.4,335,20,17,2025-04-30
iPhone 14,14,9000.0,3.3,210,47,20,2025-04-30
iPhone 14 Plus,14,9200.0,4.8,82,9,18,2025-04-30
iPhone 14 Pro,14,11000.0,4.9,296,7,21,2025-04-30
iPhone 14 Pro Max,14,12000.0,4.6,425,39,21,2025-04-30
iPhone 15,15,10000.0,3.4,432,34,27,2025-04-30
iPhone 15 Plus,15,10200.0,3.6,170,29,15,2025-04-30
iPhone 15 Pro,15,12500.0,3.1,104,43,13,2025-04-30
iPhone 15 Pro Max,15,14000.0,3.6,362,40,31,2025-04-30
iPhone 16,16,11000.0,3.9,25,22,18,2025-04-30
iPhone 16 Pro,16,14000.0,3.3,207,5,18,2025-04-30
iPhone 16 Pro Max,16,16000.0,3.0,469,42,23,2025-04-30
iPhone 17,17,12000.0,3.2,401,44,22,2025-04-30
iPhone 17 Pro,17,15500.0,3.9,244,28,19,2025-04-30
iPhone 17 Pro Max,17,18000.0,4.1,482,14,18,2025-04-30
